[INFO] Scanning for projects...
[INFO] ------------------------------------------------------------------------
[INFO] Reactor Build Order:
[INFO] 
[INFO] Spring Boot Admin                                                  [pom]
[INFO] Spring Boot Admin Dependencies                                     [pom]
[INFO] Spring Boot Admin Build                                            [pom]
[INFO] Spring Boot Admin Server                                           [jar]
[INFO] Spring Boot Admin Server UI                                        [jar]
[INFO] Spring Boot Admin Client                                           [jar]
[INFO] Spring Boot Admin Docs                                             [pom]
[INFO] Spring Boot Admin Server Cloud                                     [jar]
[INFO] Spring Boot Admin Server Starter                                   [jar]
[INFO] Spring Boot Admin Client Starter                                   [jar]
[INFO] Spring Boot Admin Samples                                          [pom]
[INFO] Spring Boot Admin Server custom UI                                 [jar]
[INFO] Spring Boot Admin Sample Servlet                                   [jar]
[INFO] Spring Boot Admin Sample Reactive                                  [jar]
[INFO] Spring Boot Admin Sample War                                       [war]
[INFO] Spring Boot Admin Sample Hazelcast                                 [jar]
[INFO] Spring Boot Admin Sample Eureka                                    [jar]
[INFO] Spring Boot Admin Sample Consul                                    [jar]
[INFO] Spring Boot Admin Sample Zookeeper                                 [jar]
[INFO] 
[INFO] ------------------< de.codecentric:spring-boot-admin >------------------
[INFO] Building Spring Boot Admin 3.5.8-SNAPSHOT                         [1/19]
[INFO]   from pom.xml
[INFO] --------------------------------[ pom ]---------------------------------
[INFO] 
[INFO] --- clean:3.5.0:clean (default-clean) @ spring-boot-admin ---
[INFO] Deleting /home/ubuntu/repos/spring-boot-admin/target
[INFO] 
[INFO] --- flatten:1.7.3:clean (flatten-clean) @ spring-boot-admin ---
[INFO] Deleting /home/ubuntu/repos/spring-boot-admin/.flattened-pom.xml
[INFO] 
[INFO] --- checkstyle:3.6.0:check (checkstyle-validation) @ spring-boot-admin ---
[INFO] Starting audit...
Audit done.
[INFO] You have 0 Checkstyle violations.
[INFO] 
[INFO] --- enforcer:3.6.2:enforce (enforce-maven) @ spring-boot-admin ---
[INFO] Rule 0: org.apache.maven.enforcer.rules.version.RequireMavenVersion passed
[INFO] 
[INFO] --- spring-javaformat:0.0.47:validate (default) @ spring-boot-admin ---
[INFO] 
[INFO] --- flatten:1.7.3:flatten (flatten) @ spring-boot-admin ---
[INFO] Generating flattened POM of project de.codecentric:spring-boot-admin:pom:3.5.8-SNAPSHOT...
[INFO] 
[INFO] --- source:3.4.0:jar-no-fork (attach-sources) @ spring-boot-admin ---
[INFO] 
[INFO] --- javadoc:3.12.0:jar (attach-javadocs) @ spring-boot-admin ---
[INFO] Not executing Javadoc as the project is not a Java classpath-capable package
[INFO] 
[INFO] --- install:3.1.4:install (default-install) @ spring-boot-admin ---
[INFO] Installing /home/ubuntu/repos/spring-boot-admin/.flattened-pom.xml to /home/ubuntu/.m2/repository/de/codecentric/spring-boot-admin/3.5.8-SNAPSHOT/spring-boot-admin-3.5.8-SNAPSHOT.pom
[INFO] 
[INFO] -----------< de.codecentric:spring-boot-admin-dependencies >------------
[INFO] Building Spring Boot Admin Dependencies 3.5.8-SNAPSHOT            [2/19]
[INFO]   from spring-boot-admin-dependencies/pom.xml
[INFO] --------------------------------[ pom ]---------------------------------
[INFO] 
[INFO] --- clean:3.5.0:clean (default-clean) @ spring-boot-admin-dependencies ---
[INFO] Deleting /home/ubuntu/repos/spring-boot-admin/spring-boot-admin-dependencies/target
[INFO] 
[INFO] --- flatten:1.7.3:clean (flatten-clean) @ spring-boot-admin-dependencies ---
[INFO] Deleting /home/ubuntu/repos/spring-boot-admin/spring-boot-admin-dependencies/.flattened-pom.xml
[INFO] 
[INFO] --- checkstyle:3.6.0:check (checkstyle-validation) @ spring-boot-admin-dependencies ---
[INFO] Starting audit...
Audit done.
[INFO] You have 0 Checkstyle violations.
[INFO] 
[INFO] --- enforcer:3.6.2:enforce (enforce-maven) @ spring-boot-admin-dependencies ---
[INFO] 
[INFO] --- spring-javaformat:0.0.47:validate (default) @ spring-boot-admin-dependencies ---
[INFO] 
[INFO] --- flatten:1.7.3:flatten (flatten) @ spring-boot-admin-dependencies ---
[INFO] Generating flattened POM of project de.codecentric:spring-boot-admin-dependencies:pom:3.5.8-SNAPSHOT...
[INFO] 
[INFO] --- source:3.4.0:jar-no-fork (attach-sources) @ spring-boot-admin-dependencies ---
[INFO] 
[INFO] --- javadoc:3.12.0:jar (attach-javadocs) @ spring-boot-admin-dependencies ---
[INFO] Not executing Javadoc as the project is not a Java classpath-capable package
[INFO] 
[INFO] --- install:3.1.4:install (default-install) @ spring-boot-admin-dependencies ---
[INFO] Installing /home/ubuntu/repos/spring-boot-admin/spring-boot-admin-dependencies/.flattened-pom.xml to /home/ubuntu/.m2/repository/de/codecentric/spring-boot-admin-dependencies/3.5.8-SNAPSHOT/spring-boot-admin-dependencies-3.5.8-SNAPSHOT.pom
[INFO] 
[INFO] ---------------< de.codecentric:spring-boot-admin-build >---------------
[INFO] Building Spring Boot Admin Build 3.5.8-SNAPSHOT                   [3/19]
[INFO]   from spring-boot-admin-build/pom.xml
[INFO] --------------------------------[ pom ]---------------------------------
[INFO] 
[INFO] --- clean:3.5.0:clean (default-clean) @ spring-boot-admin-build ---
[INFO] Deleting /home/ubuntu/repos/spring-boot-admin/spring-boot-admin-build/target
[INFO] 
[INFO] --- checkstyle:3.6.0:check (checkstyle-validation) @ spring-boot-admin-build ---
[INFO] Starting audit...
Audit done.
[INFO] You have 0 Checkstyle violations.
[INFO] 
[INFO] --- enforcer:3.6.2:enforce (enforce-maven) @ spring-boot-admin-build ---
[INFO] 
[INFO] --- spring-javaformat:0.0.47:validate (default) @ spring-boot-admin-build ---
[INFO] 
[INFO] --- build-helper:3.6.1:regex-property (generate-automatic-module-name) @ spring-boot-admin-build ---
[INFO] 
[INFO] --- flatten:1.7.3:flatten (flatten) @ spring-boot-admin-build ---
[INFO] Generating flattened POM of project de.codecentric:spring-boot-admin-build:pom:3.5.8-SNAPSHOT...
[INFO] 
[INFO] --- source:3.4.0:jar-no-fork (attach-sources) @ spring-boot-admin-build ---
[INFO] 
[INFO] --- javadoc:3.12.0:jar (attach-javadocs) @ spring-boot-admin-build ---
[INFO] Not executing Javadoc as the project is not a Java classpath-capable package
[INFO] 
[INFO] --- install:3.1.4:install (default-install) @ spring-boot-admin-build ---
[INFO] Installing /home/ubuntu/repos/spring-boot-admin/spring-boot-admin-build/.flattened-pom.xml to /home/ubuntu/.m2/repository/de/codecentric/spring-boot-admin-build/3.5.8-SNAPSHOT/spring-boot-admin-build-3.5.8-SNAPSHOT.pom
[INFO] 
[INFO] --------------< de.codecentric:spring-boot-admin-server >---------------
[INFO] Building Spring Boot Admin Server 3.5.8-SNAPSHOT                  [4/19]
[INFO]   from spring-boot-admin-server/pom.xml
[INFO] --------------------------------[ jar ]---------------------------------
[INFO] 
[INFO] --- clean:3.5.0:clean (default-clean) @ spring-boot-admin-server ---
[INFO] Deleting /home/ubuntu/repos/spring-boot-admin/spring-boot-admin-server/target
[INFO] 
[INFO] --- checkstyle:3.6.0:check (checkstyle-validation) @ spring-boot-admin-server ---
[INFO] Starting audit...
Audit done.
[INFO] You have 0 Checkstyle violations.
[INFO] 
[INFO] --- enforcer:3.6.2:enforce (enforce-maven) @ spring-boot-admin-server ---
[INFO] 
[INFO] --- spring-javaformat:0.0.47:validate (default) @ spring-boot-admin-server ---
[INFO] 
[INFO] --- build-helper:3.6.1:regex-property (generate-automatic-module-name) @ spring-boot-admin-server ---
[INFO] 
[INFO] --- resources:3.4.0:resources (default-resources) @ spring-boot-admin-server ---
[INFO] Copying 3 resources from src/main/resources to target/classes
[INFO] 
[INFO] --- flatten:1.7.3:flatten (flatten) @ spring-boot-admin-server ---
[INFO] Generating flattened POM of project de.codecentric:spring-boot-admin-server:jar:3.5.8-SNAPSHOT...
[INFO] 
[INFO] --- compiler:3.15.0:compile (default-compile) @ spring-boot-admin-server ---
[INFO] Recompiling the module because of changed source code.
[INFO] Compiling 150 source files with javac [debug parameters target 21] to target/classes
[WARNING] /home/ubuntu/repos/spring-boot-admin/spring-boot-admin-server/src/main/java/de/codecentric/boot/admin/server/web/client/LegacyEndpointConverters.java:[475,69] non-varargs call of varargs method with inexact argument type for last parameter;
  cast to java.lang.Object for a varargs call
  cast to java.lang.Object[] for a non-varargs call and to suppress this warning
[INFO] /home/ubuntu/repos/spring-boot-admin/spring-boot-admin-server/src/main/java/de/codecentric/boot/admin/server/web/client/LegacyEndpointConverters.java: /home/ubuntu/repos/spring-boot-admin/spring-boot-admin-server/src/main/java/de/codecentric/boot/admin/server/web/client/LegacyEndpointConverters.java uses unchecked or unsafe operations.
[INFO] /home/ubuntu/repos/spring-boot-admin/spring-boot-admin-server/src/main/java/de/codecentric/boot/admin/server/web/client/LegacyEndpointConverters.java: Recompile with -Xlint:unchecked for details.
[INFO] 
[INFO] --- resources:3.4.0:testResources (default-testResources) @ spring-boot-admin-server ---
[INFO] Copying 27 resources from src/test/resources to target/test-classes
[INFO] 
[INFO] --- compiler:3.15.0:testCompile (default-testCompile) @ spring-boot-admin-server ---
[INFO] Recompiling the module because of changed dependency.
[INFO] Compiling 95 source files with javac [debug parameters target 21] to target/test-classes
[INFO] 
[INFO] --- surefire:3.5.4:test (default-test) @ spring-boot-admin-server ---
[INFO] Tests are skipped.
[INFO] 
[INFO] --- jar:3.5.0:jar (default-jar) @ spring-boot-admin-server ---
[INFO] Building jar: /home/ubuntu/repos/spring-boot-admin/spring-boot-admin-server/target/spring-boot-admin-server-3.5.8-SNAPSHOT.jar
[INFO] 
[INFO] --- source:3.4.0:jar-no-fork (attach-sources) @ spring-boot-admin-server ---
[INFO] Building jar: /home/ubuntu/repos/spring-boot-admin/spring-boot-admin-server/target/spring-boot-admin-server-3.5.8-SNAPSHOT-sources.jar
[INFO] 
[INFO] --- javadoc:3.12.0:jar (attach-javadocs) @ spring-boot-admin-server ---
[WARNING] Javadoc Warnings
[WARNING] /home/ubuntu/repos/spring-boot-admin/spring-boot-admin-server/src/main/java/de/codecentric/boot/admin/server/services/EndpointDetector.java:30: warning: no main description
[WARNING] * @author Johannes Edmeier
[WARNING] ^
[WARNING] /home/ubuntu/repos/spring-boot-admin/spring-boot-admin-server/src/main/java/de/codecentric/boot/admin/server/config/EnableAdminServer.java:28: warning: no main description
[WARNING] * @author Dennis Schulte
[WARNING] ^
[WARNING] /home/ubuntu/repos/spring-boot-admin/spring-boot-admin-server/src/main/java/de/codecentric/boot/admin/server/web/client/LegacyEndpointConverter.java:25: warning: no main description
[WARNING] * @author Johannes Edmeier
[WARNING] ^
[WARNING] /home/ubuntu/repos/spring-boot-admin/spring-boot-admin-server/src/main/java/de/codecentric/boot/admin/server/config/package-info.java:20: warning: no comment
[WARNING] package de.codecentric.boot.admin.server.config;
[WARNING] ^
[WARNING] /home/ubuntu/repos/spring-boot-admin/spring-boot-admin-server/src/main/java/de/codecentric/boot/admin/server/domain/entities/package-info.java:21: warning: no comment
[WARNING] package de.codecentric.boot.admin.server.domain.entities;
[WARNING] ^
[WARNING] /home/ubuntu/repos/spring-boot-admin/spring-boot-admin-server/src/main/java/de/codecentric/boot/admin/server/domain/events/package-info.java:21: warning: no comment
[WARNING] package de.codecentric.boot.admin.server.domain.events;
[WARNING] ^
[WARNING] /home/ubuntu/repos/spring-boot-admin/spring-boot-admin-server/src/main/java/de/codecentric/boot/admin/server/domain/values/package-info.java:21: warning: no comment
[WARNING] package de.codecentric.boot.admin.server.domain.values;
[WARNING] ^
[WARNING] /home/ubuntu/repos/spring-boot-admin/spring-boot-admin-server/src/main/java/de/codecentric/boot/admin/server/eventstore/package-info.java:21: warning: no comment
[WARNING] package de.codecentric.boot.admin.server.eventstore;
[WARNING] ^
[WARNING] /home/ubuntu/repos/spring-boot-admin/spring-boot-admin-server/src/main/java/de/codecentric/boot/admin/server/notify/package-info.java:21: warning: no comment
[WARNING] package de.codecentric.boot.admin.server.notify;
[WARNING] ^
[WARNING] /home/ubuntu/repos/spring-boot-admin/spring-boot-admin-server/src/main/java/de/codecentric/boot/admin/server/notify/filter/package-info.java:21: warning: no comment
[WARNING] package de.codecentric.boot.admin.server.notify.filter;
[WARNING] ^
[WARNING] /home/ubuntu/repos/spring-boot-admin/spring-boot-admin-server/src/main/java/de/codecentric/boot/admin/server/notify/filter/web/package-info.java:21: warning: no comment
[WARNING] package de.codecentric.boot.admin.server.notify.filter.web;
[WARNING] ^
[WARNING] /home/ubuntu/repos/spring-boot-admin/spring-boot-admin-server/src/main/java/de/codecentric/boot/admin/server/services/package-info.java:21: warning: no comment
[WARNING] package de.codecentric.boot.admin.server.services;
[WARNING] ^
[WARNING] /home/ubuntu/repos/spring-boot-admin/spring-boot-admin-server/src/main/java/de/codecentric/boot/admin/server/services/endpoints/package-info.java:21: warning: no comment
[WARNING] package de.codecentric.boot.admin.server.services.endpoints;
[WARNING] ^
[WARNING] /home/ubuntu/repos/spring-boot-admin/spring-boot-admin-server/src/main/java/de/codecentric/boot/admin/server/utils/jackson/package-info.java:21: warning: no comment
[WARNING] package de.codecentric.boot.admin.server.utils.jackson;
[WARNING] ^
[WARNING] /home/ubuntu/repos/spring-boot-admin/spring-boot-admin-server/src/main/java/de/codecentric/boot/admin/server/web/package-info.java:21: warning: no comment
[WARNING] package de.codecentric.boot.admin.server.web;
[WARNING] ^
[WARNING] /home/ubuntu/repos/spring-boot-admin/spring-boot-admin-server/src/main/java/de/codecentric/boot/admin/server/web/client/package-info.java:21: warning: no comment
[WARNING] package de.codecentric.boot.admin.server.web.client;
[WARNING] ^
[WARNING] /home/ubuntu/repos/spring-boot-admin/spring-boot-admin-server/src/main/java/de/codecentric/boot/admin/server/web/client/cookies/package-info.java:19: warning: no comment
[WARNING] package de.codecentric.boot.admin.server.web.client.cookies;
[WARNING] ^
[WARNING] /home/ubuntu/repos/spring-boot-admin/spring-boot-admin-server/src/main/java/de/codecentric/boot/admin/server/web/client/exception/package-info.java:21: warning: no comment
[WARNING] package de.codecentric.boot.admin.server.web.client.exception;
[WARNING] ^
[WARNING] /home/ubuntu/repos/spring-boot-admin/spring-boot-admin-server/src/main/java/de/codecentric/boot/admin/server/web/reactive/package-info.java:21: warning: no comment
[WARNING] package de.codecentric.boot.admin.server.web.reactive;
[WARNING] ^
[WARNING] /home/ubuntu/repos/spring-boot-admin/spring-boot-admin-server/src/main/java/de/codecentric/boot/admin/server/web/servlet/package-info.java:21: warning: no comment
[WARNING] package de.codecentric.boot.admin.server.web.servlet;
[WARNING] ^
[WARNING] /home/ubuntu/repos/spring-boot-admin/spring-boot-admin-server/src/main/java/de/codecentric/boot/admin/server/notify/filter/AbstractContentNotifier.java:78: warning: no comment
[WARNING] public AbstractContentNotifier(InstanceRepository repository) {
[WARNING] ^
[WARNING] /home/ubuntu/repos/spring-boot-admin/spring-boot-admin-server/src/main/java/de/codecentric/boot/admin/server/notify/filter/AbstractContentNotifier.java:84: warning: no comment
[WARNING] public String getMessage() {
[WARNING] ^
[WARNING] /home/ubuntu/repos/spring-boot-admin/spring-boot-admin-server/src/main/java/de/codecentric/boot/admin/server/notify/filter/AbstractContentNotifier.java:88: warning: no comment
[WARNING] public void setMessage(String message) {
[WARNING] ^
[WARNING] /home/ubuntu/repos/spring-boot-admin/spring-boot-admin-server/src/main/java/de/codecentric/boot/admin/server/services/AbstractEventHandler.java:32: warning: no comment
[WARNING] public abstract class AbstractEventHandler<T extends InstanceEvent> {
[WARNING] ^
[WARNING] /home/ubuntu/repos/spring-boot-admin/spring-boot-admin-server/src/main/java/de/codecentric/boot/admin/server/services/AbstractEventHandler.java:46: warning: no comment
[WARNING] protected AbstractEventHandler(Publisher<InstanceEvent> publisher, Class<T> eventType) {
[WARNING] ^
[WARNING] /home/ubuntu/repos/spring-boot-admin/spring-boot-admin-server/src/main/java/de/codecentric/boot/admin/server/services/AbstractEventHandler.java:66: warning: no comment
[WARNING] protected Scheduler createScheduler() {
[WARNING] ^
[WARNING] /home/ubuntu/repos/spring-boot-admin/spring-boot-admin-server/src/main/java/de/codecentric/boot/admin/server/services/AbstractEventHandler.java:64: warning: no comment
[WARNING] protected abstract Publisher<Void> handle(Flux<T> publisher);
[WARNING] ^
[WARNING] /home/ubuntu/repos/spring-boot-admin/spring-boot-admin-server/src/main/java/de/codecentric/boot/admin/server/services/AbstractEventHandler.java:51: warning: no comment
[WARNING] public void start() {
[WARNING] ^
[WARNING] /home/ubuntu/repos/spring-boot-admin/spring-boot-admin-server/src/main/java/de/codecentric/boot/admin/server/services/AbstractEventHandler.java:70: warning: no comment
[WARNING] public void stop() {
[WARNING] ^
[WARNING] /home/ubuntu/repos/spring-boot-admin/spring-boot-admin-server/src/main/java/de/codecentric/boot/admin/server/notify/AbstractEventNotifier.java:41: warning: no comment
[WARNING] protected AbstractEventNotifier(InstanceRepository repository) {
[WARNING] ^
[WARNING] /home/ubuntu/repos/spring-boot-admin/spring-boot-admin-server/src/main/java/de/codecentric/boot/admin/server/notify/AbstractEventNotifier.java:62: warning: no comment
[WARNING] protected abstract Mono<Void> doNotify(InstanceEvent event, Instance instance);
[WARNING] ^
[WARNING] /home/ubuntu/repos/spring-boot-admin/spring-boot-admin-server/src/main/java/de/codecentric/boot/admin/server/notify/AbstractEventNotifier.java:72: warning: no comment
[WARNING] public boolean isEnabled() {
[WARNING] ^
[WARNING] /home/ubuntu/repos/spring-boot-admin/spring-boot-admin-server/src/main/java/de/codecentric/boot/admin/server/notify/Notifier.java:30: warning: no comment
[WARNING] Mono<Void> notify(InstanceEvent event);
[WARNING] ^
[WARNING] /home/ubuntu/repos/spring-boot-admin/spring-boot-admin-server/src/main/java/de/codecentric/boot/admin/server/notify/AbstractEventNotifier.java:68: warning: no comment
[WARNING] public void setEnabled(boolean enabled) {
[WARNING] ^
[WARNING] /home/ubuntu/repos/spring-boot-admin/spring-boot-admin-server/src/main/java/de/codecentric/boot/admin/server/notify/AbstractEventNotifier.java:58: warning: no comment
[WARNING] protected boolean shouldNotify(InstanceEvent event, Instance instance) {
[WARNING] ^
[WARNING] /home/ubuntu/repos/spring-boot-admin/spring-boot-admin-server/src/main/java/de/codecentric/boot/admin/server/notify/filter/AbstractNotificationFilter.java:21: warning: no comment
[WARNING] public abstract class AbstractNotificationFilter implements NotificationFilter {
[WARNING] ^
[WARNING] /home/ubuntu/repos/spring-boot-admin/spring-boot-admin-server/src/main/java/de/codecentric/boot/admin/server/notify/filter/AbstractNotificationFilter.java:27: warning: no comment
[WARNING] public AbstractNotificationFilter() {
[WARNING] ^
[WARNING] /home/ubuntu/repos/spring-boot-admin/spring-boot-admin-server/src/main/java/de/codecentric/boot/admin/server/notify/filter/NotificationFilter.java:24: warning: no comment
[WARNING] String getId();
[WARNING] ^
[WARNING] /home/ubuntu/repos/spring-boot-admin/spring-boot-admin-server/src/main/java/de/codecentric/boot/admin/server/notify/AbstractStatusChangeNotifier.java:47: warning: no comment
[WARNING] public AbstractStatusChangeNotifier(InstanceRepository repository) {
[WARNING] ^
[WARNING] /home/ubuntu/repos/spring-boot-admin/spring-boot-admin-server/src/main/java/de/codecentric/boot/admin/server/notify/AbstractStatusChangeNotifier.java:87: warning: no comment
[WARNING] public String[] getIgnoreChanges() {
[WARNING] ^
[WARNING] /home/ubuntu/repos/spring-boot-admin/spring-boot-admin-server/src/main/java/de/codecentric/boot/admin/server/notify/AbstractStatusChangeNotifier.java:68: warning: no comment
[WARNING] protected final String getLastStatus(InstanceId instanceId) {
[WARNING] ^
[WARNING] /home/ubuntu/repos/spring-boot-admin/spring-boot-admin-server/src/main/java/de/codecentric/boot/admin/server/notify/AbstractStatusChangeNotifier.java:81: warning: no comment
[WARNING] public void setIgnoreChanges(String[] ignoreChanges) {
[WARNING] ^
[WARNING] /home/ubuntu/repos/spring-boot-admin/spring-boot-admin-server/src/main/java/de/codecentric/boot/admin/server/notify/AbstractStatusChangeNotifier.java:72: warning: no comment
[WARNING] protected void updateLastStatus(InstanceEvent event) {
[WARNING] ^
[WARNING] /home/ubuntu/repos/spring-boot-admin/spring-boot-admin-server/src/main/java/de/codecentric/boot/admin/server/web/reactive/AdminControllerHandlerMapping.java:30: warning: no comment
[WARNING] public class AdminControllerHandlerMapping extends RequestMappingHandlerMapping {
[WARNING] ^
[WARNING] /home/ubuntu/repos/spring-boot-admin/spring-boot-admin-server/src/main/java/de/codecentric/boot/admin/server/web/reactive/AdminControllerHandlerMapping.java:34: warning: no comment
[WARNING] public AdminControllerHandlerMapping(String adminContextPath) {
[WARNING] ^
[WARNING] /home/ubuntu/repos/spring-boot-admin/spring-boot-admin-server/src/main/java/de/codecentric/boot/admin/server/web/servlet/AdminControllerHandlerMapping.java:31: warning: no comment
[WARNING] public class AdminControllerHandlerMapping extends RequestMappingHandlerMapping {
[WARNING] ^
[WARNING] /home/ubuntu/repos/spring-boot-admin/spring-boot-admin-server/src/main/java/de/codecentric/boot/admin/server/web/servlet/AdminControllerHandlerMapping.java:35: warning: no comment
[WARNING] public AdminControllerHandlerMapping(String adminContextPath) {
[WARNING] ^
[WARNING] /home/ubuntu/repos/spring-boot-admin/spring-boot-admin-server/src/main/java/de/codecentric/boot/admin/server/config/AdminServerAutoConfiguration.java:65: warning: no comment
[WARNING] public class AdminServerAutoConfiguration {
[WARNING] ^
[WARNING] /home/ubuntu/repos/spring-boot-admin/spring-boot-admin-server/src/main/java/de/codecentric/boot/admin/server/config/AdminServerAutoConfiguration.java:69: warning: no comment
[WARNING] public AdminServerAutoConfiguration(AdminServerProperties adminServerProperties) {
[WARNING] ^
[WARNING] /home/ubuntu/repos/spring-boot-admin/spring-boot-admin-server/src/main/java/de/codecentric/boot/admin/server/config/AdminServerAutoConfiguration.java:88: warning: no comment
[WARNING] public ApplicationRegistry applicationRegistry(InstanceRegistry instanceRegistry,
[WARNING] ^
[WARNING] /home/ubuntu/repos/spring-boot-admin/spring-boot-admin-server/src/main/java/de/codecentric/boot/admin/server/config/AdminServerAutoConfiguration.java:137: warning: no comment
[WARNING] public EndpointDetectionTrigger endpointDetectionTrigger(EndpointDetector endpointDetector,
[WARNING] ^
[WARNING] /home/ubuntu/repos/spring-boot-admin/spring-boot-admin-server/src/main/java/de/codecentric/boot/admin/server/config/AdminServerAutoConfiguration.java:126: warning: no comment
[WARNING] public EndpointDetector endpointDetector(InstanceRepository instanceRepository,
[WARNING] ^
[WARNING] /home/ubuntu/repos/spring-boot-admin/spring-boot-admin-server/src/main/java/de/codecentric/boot/admin/server/config/AdminServerAutoConfiguration.java:159: warning: no comment
[WARNING] public InMemoryEventStore eventStore() {
[WARNING] ^
[WARNING] /home/ubuntu/repos/spring-boot-admin/spring-boot-admin-server/src/main/java/de/codecentric/boot/admin/server/config/AdminServerAutoConfiguration.java:144: warning: no comment
[WARNING] public InfoUpdater infoUpdater(InstanceRepository instanceRepository,
[WARNING] ^
[WARNING] /home/ubuntu/repos/spring-boot-admin/spring-boot-admin-server/src/main/java/de/codecentric/boot/admin/server/config/AdminServerAutoConfiguration.java:151: warning: no comment
[WARNING] public InfoUpdateTrigger infoUpdateTrigger(InfoUpdater infoUpdater, Publisher<InstanceEvent> events) {
[WARNING] ^
[WARNING] /home/ubuntu/repos/spring-boot-admin/spring-boot-admin-server/src/main/java/de/codecentric/boot/admin/server/config/AdminServerAutoConfiguration.java:75: warning: no comment
[WARNING] public InstanceFilter instanceFilter() {
[WARNING] ^
[WARNING] /home/ubuntu/repos/spring-boot-admin/spring-boot-admin-server/src/main/java/de/codecentric/boot/admin/server/config/AdminServerAutoConfiguration.java:95: warning: no comment
[WARNING] public InstanceIdGenerator instanceIdGenerator() {
[WARNING] ^
[WARNING] /home/ubuntu/repos/spring-boot-admin/spring-boot-admin-server/src/main/java/de/codecentric/boot/admin/server/config/AdminServerAutoConfiguration.java:81: warning: no comment
[WARNING] public InstanceRegistry instanceRegistry(InstanceRepository instanceRepository,
[WARNING] ^
[WARNING] /home/ubuntu/repos/spring-boot-admin/spring-boot-admin-server/src/main/java/de/codecentric/boot/admin/server/config/AdminServerAutoConfiguration.java:165: warning: no comment
[WARNING] public SnapshottingInstanceRepository instanceRepository(InstanceEventStore eventStore) {
[WARNING] ^
[WARNING] /home/ubuntu/repos/spring-boot-admin/spring-boot-admin-server/src/main/java/de/codecentric/boot/admin/server/config/AdminServerAutoConfiguration.java:101: warning: no comment
[WARNING] public StatusUpdater statusUpdater(InstanceRepository instanceRepository,
[WARNING] ^
[WARNING] /home/ubuntu/repos/spring-boot-admin/spring-boot-admin-server/src/main/java/de/codecentric/boot/admin/server/config/AdminServerAutoConfiguration.java:108: warning: no comment
[WARNING] public StatusUpdateTrigger statusUpdateTrigger(StatusUpdater statusUpdater, Publisher<InstanceEvent> events) {
[WARNING] ^
[WARNING] /home/ubuntu/repos/spring-boot-admin/spring-boot-admin-server/src/main/java/de/codecentric/boot/admin/server/config/AdminServerCloudFoundryAutoConfiguration.java:36: warning: no comment
[WARNING] public class AdminServerCloudFoundryAutoConfiguration {
[WARNING] ^
[WARNING] /home/ubuntu/repos/spring-boot-admin/spring-boot-admin-server/src/main/java/de/codecentric/boot/admin/server/config/AdminServerCloudFoundryAutoConfiguration.java:36: warning: use of default constructor, which does not provide a comment
[WARNING] public class AdminServerCloudFoundryAutoConfiguration {
[WARNING] ^
[WARNING] /home/ubuntu/repos/spring-boot-admin/spring-boot-admin-server/src/main/java/de/codecentric/boot/admin/server/config/AdminServerCloudFoundryAutoConfiguration.java:46: warning: no comment
[WARNING] public CloudFoundryHttpHeaderProvider cloudFoundryHttpHeaderProvider() {
[WARNING] ^
[WARNING] /home/ubuntu/repos/spring-boot-admin/spring-boot-admin-server/src/main/java/de/codecentric/boot/admin/server/config/AdminServerCloudFoundryAutoConfiguration.java:40: warning: no comment
[WARNING] public InstanceIdGenerator instanceIdGenerator() {
[WARNING] ^
[WARNING] /home/ubuntu/repos/spring-boot-admin/spring-boot-admin-server/src/main/java/de/codecentric/boot/admin/server/config/AdminServerHazelcastAutoConfiguration.java:51: warning: no comment
[WARNING] public class AdminServerHazelcastAutoConfiguration {
[WARNING] ^
[WARNING] /home/ubuntu/repos/spring-boot-admin/spring-boot-admin-server/src/main/java/de/codecentric/boot/admin/server/config/AdminServerHazelcastAutoConfiguration.java:69: warning: no comment
[WARNING] public static class NotifierTriggerConfiguration {
[WARNING] ^
[WARNING] /home/ubuntu/repos/spring-boot-admin/spring-boot-admin-server/src/main/java/de/codecentric/boot/admin/server/config/AdminServerHazelcastAutoConfiguration.java:53: warning: no comment
[WARNING] public static final String DEFAULT_NAME_EVENT_STORE_MAP = "spring-boot-admin-event-store";
[WARNING] ^
[WARNING] /home/ubuntu/repos/spring-boot-admin/spring-boot-admin-server/src/main/java/de/codecentric/boot/admin/server/config/AdminServerHazelcastAutoConfiguration.java:55: warning: no comment
[WARNING] public static final String DEFAULT_NAME_SENT_NOTIFICATIONS_MAP = "spring-boot-admin-sent-notifications";
[WARNING] ^
[WARNING] /home/ubuntu/repos/spring-boot-admin/spring-boot-admin-server/src/main/java/de/codecentric/boot/admin/server/config/AdminServerHazelcastAutoConfiguration.java:51: warning: use of default constructor, which does not provide a comment
[WARNING] public class AdminServerHazelcastAutoConfiguration {
[WARNING] ^
[WARNING] /home/ubuntu/repos/spring-boot-admin/spring-boot-admin-server/src/main/java/de/codecentric/boot/admin/server/config/AdminServerHazelcastAutoConfiguration.java:62: warning: no comment
[WARNING] public HazelcastEventStore eventStore(HazelcastInstance hazelcastInstance) {
[WARNING] ^
[WARNING] /home/ubuntu/repos/spring-boot-admin/spring-boot-admin-server/src/main/java/de/codecentric/boot/admin/server/config/AdminServerHazelcastAutoConfiguration.java:69: warning: use of default constructor, which does not provide a comment
[WARNING] public static class NotifierTriggerConfiguration {
[WARNING] ^
[WARNING] /home/ubuntu/repos/spring-boot-admin/spring-boot-admin-server/src/main/java/de/codecentric/boot/admin/server/config/AdminServerHazelcastAutoConfiguration.java:76: warning: no comment
[WARNING] public NotificationTrigger notificationTrigger(HazelcastInstance hazelcastInstance, Notifier notifier,
[WARNING] ^
[WARNING] /home/ubuntu/repos/spring-boot-admin/spring-boot-admin-server/src/main/java/de/codecentric/boot/admin/server/config/AdminServerInstanceWebClientConfiguration.java:51: warning: no comment
[WARNING] public class AdminServerInstanceWebClientConfiguration {
[WARNING] ^
[WARNING] /home/ubuntu/repos/spring-boot-admin/spring-boot-admin-server/src/main/java/de/codecentric/boot/admin/server/config/AdminServerInstanceWebClientConfiguration.java:252: warning: no comment
[WARNING] protected static class CookieStoreConfiguration {
[WARNING] ^
[WARNING] /home/ubuntu/repos/spring-boot-admin/spring-boot-admin-server/src/main/java/de/codecentric/boot/admin/server/config/AdminServerInstanceWebClientConfiguration.java:162: warning: no comment
[WARNING] protected static class HttpHeadersProviderConfiguration {
[WARNING] ^
[WARNING] /home/ubuntu/repos/spring-boot-admin/spring-boot-admin-server/src/main/java/de/codecentric/boot/admin/server/config/AdminServerInstanceWebClientConfiguration.java:69: warning: no comment
[WARNING] protected static class InstanceExchangeFiltersConfiguration {
[WARNING] ^
[WARNING] /home/ubuntu/repos/spring-boot-admin/spring-boot-admin-server/src/main/java/de/codecentric/boot/admin/server/config/AdminServerInstanceWebClientConfiguration.java:181: warning: no comment
[WARNING] protected static class LegacyEndpointConvertersConfiguration {
[WARNING] ^
[WARNING] /home/ubuntu/repos/spring-boot-admin/spring-boot-admin-server/src/main/java/de/codecentric/boot/admin/server/config/AdminServerInstanceWebClientConfiguration.java:55: warning: no comment
[WARNING] public AdminServerInstanceWebClientConfiguration(ObjectProvider<InstanceWebClientCustomizer> customizers,
[WARNING] ^
[WARNING] /home/ubuntu/repos/spring-boot-admin/spring-boot-admin-server/src/main/java/de/codecentric/boot/admin/server/config/AdminServerInstanceWebClientConfiguration.java:64: warning: no comment
[WARNING] public InstanceWebClient.Builder instanceWebClientBuilder() {
[WARNING] ^
[WARNING] /home/ubuntu/repos/spring-boot-admin/spring-boot-admin-server/src/main/java/de/codecentric/boot/admin/server/config/AdminServerInstanceWebClientConfiguration.java:252: warning: use of default constructor, which does not provide a comment
[WARNING] protected static class CookieStoreConfiguration {
[WARNING] ^
[WARNING] /home/ubuntu/repos/spring-boot-admin/spring-boot-admin-server/src/main/java/de/codecentric/boot/admin/server/config/AdminServerInstanceWebClientConfiguration.java:162: warning: use of default constructor, which does not provide a comment
[WARNING] protected static class HttpHeadersProviderConfiguration {
[WARNING] ^
[WARNING] /home/ubuntu/repos/spring-boot-admin/spring-boot-admin-server/src/main/java/de/codecentric/boot/admin/server/config/AdminServerInstanceWebClientConfiguration.java:166: warning: no comment
[WARNING] public BasicAuthHttpHeaderProvider basicAuthHttpHeadersProvider(AdminServerProperties adminServerProperties) {
[WARNING] ^
[WARNING] /home/ubuntu/repos/spring-boot-admin/spring-boot-admin-server/src/main/java/de/codecentric/boot/admin/server/config/AdminServerInstanceWebClientConfiguration.java:80: warning: no comment
[WARNING] protected static class DefaultInstanceExchangeFiltersConfiguration {
[WARNING] ^
[WARNING] /home/ubuntu/repos/spring-boot-admin/spring-boot-admin-server/src/main/java/de/codecentric/boot/admin/server/config/AdminServerInstanceWebClientConfiguration.java:69: warning: use of default constructor, which does not provide a comment
[WARNING] protected static class InstanceExchangeFiltersConfiguration {
[WARNING] ^
[WARNING] /home/ubuntu/repos/spring-boot-admin/spring-boot-admin-server/src/main/java/de/codecentric/boot/admin/server/config/AdminServerInstanceWebClientConfiguration.java:74: warning: no comment
[WARNING] public InstanceWebClientCustomizer filterInstanceWebClientCustomizer(
[WARNING] ^
[WARNING] /home/ubuntu/repos/spring-boot-admin/spring-boot-admin-server/src/main/java/de/codecentric/boot/admin/server/config/AdminServerInstanceWebClientConfiguration.java:80: warning: use of default constructor, which does not provide a comment
[WARNING] protected static class DefaultInstanceExchangeFiltersConfiguration {
[WARNING] ^
[WARNING] /home/ubuntu/repos/spring-boot-admin/spring-boot-admin-server/src/main/java/de/codecentric/boot/admin/server/config/AdminServerInstanceWebClientConfiguration.java:86: warning: no comment
[WARNING] public InstanceExchangeFilterFunction addHeadersInstanceExchangeFilter(
[WARNING] ^
[WARNING] /home/ubuntu/repos/spring-boot-admin/spring-boot-admin-server/src/main/java/de/codecentric/boot/admin/server/config/AdminServerInstanceWebClientConfiguration.java:95: warning: no comment
[WARNING] public InstanceExchangeFilterFunction addReactiveHeadersInstanceExchangeFilter(
[WARNING] ^
[WARNING] /home/ubuntu/repos/spring-boot-admin/spring-boot-admin-server/src/main/java/de/codecentric/boot/admin/server/config/AdminServerInstanceWebClientConfiguration.java:134: warning: no comment
[WARNING] public InstanceExchangeFilterFunction cookieHandlingInstanceExchangeFilter(
[WARNING] ^
[WARNING] /home/ubuntu/repos/spring-boot-admin/spring-boot-admin-server/src/main/java/de/codecentric/boot/admin/server/config/AdminServerInstanceWebClientConfiguration.java:119: warning: no comment
[WARNING] public InstanceExchangeFilterFunction legacyEndpointConverterInstanceExchangeFilter(
[WARNING] ^
[WARNING] /home/ubuntu/repos/spring-boot-admin/spring-boot-admin-server/src/main/java/de/codecentric/boot/admin/server/config/AdminServerInstanceWebClientConfiguration.java:127: warning: no comment
[WARNING] public InstanceExchangeFilterFunction logfileAcceptWorkaround() {
[WARNING] ^
[WARNING] /home/ubuntu/repos/spring-boot-admin/spring-boot-admin-server/src/main/java/de/codecentric/boot/admin/server/config/AdminServerInstanceWebClientConfiguration.java:142: warning: no comment
[WARNING] public InstanceExchangeFilterFunction retryInstanceExchangeFilter(
[WARNING] ^
[WARNING] /home/ubuntu/repos/spring-boot-admin/spring-boot-admin-server/src/main/java/de/codecentric/boot/admin/server/config/AdminServerInstanceWebClientConfiguration.java:104: warning: no comment
[WARNING] public InstanceExchangeFilterFunction rewriteEndpointUrlInstanceExchangeFilter() {
[WARNING] ^
[WARNING] /home/ubuntu/repos/spring-boot-admin/spring-boot-admin-server/src/main/java/de/codecentric/boot/admin/server/config/AdminServerInstanceWebClientConfiguration.java:111: warning: no comment
[WARNING] public InstanceExchangeFilterFunction setDefaultAcceptHeaderInstanceExchangeFilter() {
[WARNING] ^
[WARNING] /home/ubuntu/repos/spring-boot-admin/spring-boot-admin-server/src/main/java/de/codecentric/boot/admin/server/config/AdminServerInstanceWebClientConfiguration.java:151: warning: no comment
[WARNING] public InstanceExchangeFilterFunction timeoutInstanceExchangeFilter(
[WARNING] ^
[WARNING] /home/ubuntu/repos/spring-boot-admin/spring-boot-admin-server/src/main/java/de/codecentric/boot/admin/server/config/AdminServerInstanceWebClientConfiguration.java:181: warning: use of default constructor, which does not provide a comment
[WARNING] protected static class LegacyEndpointConvertersConfiguration {
[WARNING] ^
[WARNING] /home/ubuntu/repos/spring-boot-admin/spring-boot-admin-server/src/main/java/de/codecentric/boot/admin/server/config/AdminServerInstanceWebClientConfiguration.java:227: warning: no comment
[WARNING] public LegacyEndpointConverter beansLegacyEndpointConverter() {
[WARNING] ^
[WARNING] /home/ubuntu/repos/spring-boot-admin/spring-boot-admin-server/src/main/java/de/codecentric/boot/admin/server/config/AdminServerInstanceWebClientConfiguration.java:233: warning: no comment
[WARNING] public LegacyEndpointConverter configpropsLegacyEndpointConverter() {
[WARNING] ^
[WARNING] /home/ubuntu/repos/spring-boot-admin/spring-boot-admin-server/src/main/java/de/codecentric/boot/admin/server/config/AdminServerInstanceWebClientConfiguration.java:197: warning: no comment
[WARNING] public LegacyEndpointConverter envLegacyEndpointConverter() {
[WARNING] ^
[WARNING] 100 warnings
[INFO] Building jar: /home/ubuntu/repos/spring-boot-admin/spring-boot-admin-server/target/spring-boot-admin-server-3.5.8-SNAPSHOT-javadoc.jar
[INFO] 
[INFO] --- install:3.1.4:install (default-install) @ spring-boot-admin-server ---
[INFO] Installing /home/ubuntu/repos/spring-boot-admin/spring-boot-admin-server/.flattened-pom.xml to /home/ubuntu/.m2/repository/de/codecentric/spring-boot-admin-server/3.5.8-SNAPSHOT/spring-boot-admin-server-3.5.8-SNAPSHOT.pom
[INFO] Installing /home/ubuntu/repos/spring-boot-admin/spring-boot-admin-server/target/spring-boot-admin-server-3.5.8-SNAPSHOT.jar to /home/ubuntu/.m2/repository/de/codecentric/spring-boot-admin-server/3.5.8-SNAPSHOT/spring-boot-admin-server-3.5.8-SNAPSHOT.jar
[INFO] Installing /home/ubuntu/repos/spring-boot-admin/spring-boot-admin-server/target/spring-boot-admin-server-3.5.8-SNAPSHOT-sources.jar to /home/ubuntu/.m2/repository/de/codecentric/spring-boot-admin-server/3.5.8-SNAPSHOT/spring-boot-admin-server-3.5.8-SNAPSHOT-sources.jar
[INFO] Installing /home/ubuntu/repos/spring-boot-admin/spring-boot-admin-server/target/spring-boot-admin-server-3.5.8-SNAPSHOT-javadoc.jar to /home/ubuntu/.m2/repository/de/codecentric/spring-boot-admin-server/3.5.8-SNAPSHOT/spring-boot-admin-server-3.5.8-SNAPSHOT-javadoc.jar
[INFO] 
[INFO] -------------< de.codecentric:spring-boot-admin-server-ui >-------------
[INFO] Building Spring Boot Admin Server UI 3.5.8-SNAPSHOT               [5/19]
[INFO]   from spring-boot-admin-server-ui/pom.xml
[INFO] --------------------------------[ jar ]---------------------------------
[INFO] 
[INFO] --- clean:3.5.0:clean (default-clean) @ spring-boot-admin-server-ui ---
[INFO] Deleting /home/ubuntu/repos/spring-boot-admin/spring-boot-admin-server-ui/target
[INFO] 
[INFO] --- checkstyle:3.6.0:check (checkstyle-validation) @ spring-boot-admin-server-ui ---
[INFO] Starting audit...
Audit done.
[INFO] You have 0 Checkstyle violations.
[INFO] 
[INFO] --- enforcer:3.6.2:enforce (enforce-maven) @ spring-boot-admin-server-ui ---
[INFO] 
[INFO] --- spring-javaformat:0.0.47:validate (default) @ spring-boot-admin-server-ui ---
[INFO] 
[INFO] --- build-helper:3.6.1:regex-property (generate-automatic-module-name) @ spring-boot-admin-server-ui ---
[INFO] 
[INFO] --- frontend:2.0.0:install-node-and-npm (install-node-and-npm) @ spring-boot-admin-server-ui ---
[INFO] Node v22.12.0 is already installed.
[INFO] 
[INFO] --- frontend:2.0.0:npm (npm-install) @ spring-boot-admin-server-ui ---
[INFO] Running 'npm ci --prefer-offline --no-progress --no-audit --silent' in /home/ubuntu/repos/spring-boot-admin/spring-boot-admin-server-ui
[INFO] 
[INFO] --- frontend:2.0.0:npm (npm-build) @ spring-boot-admin-server-ui ---
[INFO] Running 'npm run build' in /home/ubuntu/repos/spring-boot-admin/spring-boot-admin-server-ui
[INFO] 
[INFO] > build
[INFO] > vite build --emptyOutDir --sourcemap
[INFO] 
[INFO] vite v7.3.1 building client environment for production...
[INFO] <script src="sba-settings.js"> in "/index.html" can't be bundled without type="module" attribute
[INFO] transforming...
[INFO] ✓ 3164 modules transformed.
[INFO] rendering chunks...
[INFO] computing gzip size...
[INFO] [vite-plugin-static-copy] Copied 2 items.
[INFO] ../../../target/dist/login.html                          1.99 kB │ gzip:   1.02 kB
[INFO] ../../../target/dist/index.html                          2.08 kB │ gzip:   0.97 kB
[INFO] ../../../target/dist/assets/index-DMWFqugC.css           5.74 kB │ gzip:   0.90 kB
[INFO] ../../../target/dist/assets/login-BMeRwJf6.css         594.85 kB │ gzip:  49.22 kB
[INFO] ../../../target/dist/assets/login-BMeRwJf6.css         594.85 kB │ gzip:  49.22 kB
[INFO] (!) Some chunks are larger than 500 kB after minification. Consider:
[INFO] - Using dynamic import() to code-split the application
[INFO] ../../../target/dist/assets/sba-Bd0B4ogX.css           636.21 kB │ gzip:  57.12 kB
[INFO] - Use build.rollupOptions.output.manualChunks to improve chunking: https://rollupjs.org/configuration-options/#output-manualchunks
[INFO] - Adjust chunk size limit for this warning via build.chunkSizeWarningLimit.
[INFO] ../../../target/dist/assets/login-Dw9iL159.js            2.30 kB │ gzip:   1.16 kB │ map:     6.52 kB
[INFO] ../../../target/dist/assets/eventsource-D4-6TuZ_.js     12.49 kB │ gzip:   4.93 kB │ map:    55.52 kB
[INFO] ../../../target/dist/assets/index-COSZtsDP.js          496.84 kB │ gzip: 145.82 kB │ map: 2,482.05 kB
[INFO] ../../../target/dist/assets/sba-BkDntFUm.js          2,649.44 kB │ gzip: 732.33 kB │ map: 8,441.33 kB
[INFO] ✓ built in 18.53s
[INFO] 
[INFO] --- resources:3.4.0:resources (default-resources) @ spring-boot-admin-server-ui ---
[INFO] Copying 1 resource from src/main/resources to target/classes
[INFO] 
[INFO] --- flatten:1.7.3:flatten (flatten) @ spring-boot-admin-server-ui ---
[INFO] Generating flattened POM of project de.codecentric:spring-boot-admin-server-ui:jar:3.5.8-SNAPSHOT...
[INFO] 
[INFO] --- resources:3.4.0:copy-resources (copy-resources) @ spring-boot-admin-server-ui ---
[INFO] Copying 20 resources from target/dist to target/classes/META-INF/spring-boot-admin-server-ui
[INFO] 
[INFO] --- compiler:3.15.0:compile (default-compile) @ spring-boot-admin-server-ui ---
[INFO] Recompiling the module because of changed dependency.
[INFO] Compiling 19 source files with javac [debug parameters target 21] to target/classes
[INFO] 
[INFO] --- resources:3.4.0:testResources (default-testResources) @ spring-boot-admin-server-ui ---
[INFO] Copying 6 resources from src/test/resources to target/test-classes
[INFO] 
[INFO] --- compiler:3.15.0:testCompile (default-testCompile) @ spring-boot-admin-server-ui ---
[INFO] Recompiling the module because of changed dependency.
[INFO] Compiling 14 source files with javac [debug parameters target 21] to target/test-classes
[INFO] 
[INFO] --- surefire:3.5.4:test (default-test) @ spring-boot-admin-server-ui ---
[INFO] Tests are skipped.
[INFO] 
[INFO] --- frontend:2.0.0:npm (npm-test) @ spring-boot-admin-server-ui ---
[INFO] Skipping execution.
[INFO] 
[INFO] --- jar:3.5.0:jar (default-jar) @ spring-boot-admin-server-ui ---
[INFO] Building jar: /home/ubuntu/repos/spring-boot-admin/spring-boot-admin-server-ui/target/spring-boot-admin-server-ui-3.5.8-SNAPSHOT.jar
[INFO] 
[INFO] --- source:3.4.0:jar-no-fork (attach-sources) @ spring-boot-admin-server-ui ---
[INFO] Building jar: /home/ubuntu/repos/spring-boot-admin/spring-boot-admin-server-ui/target/spring-boot-admin-server-ui-3.5.8-SNAPSHOT-sources.jar
[INFO] 
[INFO] --- javadoc:3.12.0:jar (attach-javadocs) @ spring-boot-admin-server-ui ---
[WARNING] Javadoc Warnings
[WARNING] /home/ubuntu/repos/spring-boot-admin/spring-boot-admin-server-ui/src/main/java/de/codecentric/boot/admin/server/ui/config/package-info.java:19: warning: no comment
[WARNING] package de.codecentric.boot.admin.server.ui.config;
[WARNING] ^
[WARNING] /home/ubuntu/repos/spring-boot-admin/spring-boot-admin-server-ui/src/main/java/de/codecentric/boot/admin/server/ui/extensions/package-info.java:19: warning: no comment
[WARNING] package de.codecentric.boot.admin.server.ui.extensions;
[WARNING] ^
[WARNING] /home/ubuntu/repos/spring-boot-admin/spring-boot-admin-server-ui/src/main/java/de/codecentric/boot/admin/server/ui/web/package-info.java:19: warning: no comment
[WARNING] package de.codecentric.boot.admin.server.ui.web;
[WARNING] ^
[WARNING] /home/ubuntu/repos/spring-boot-admin/spring-boot-admin-server-ui/src/main/java/de/codecentric/boot/admin/server/ui/web/reactive/package-info.java:19: warning: no comment
[WARNING] package de.codecentric.boot.admin.server.ui.web.reactive;
[WARNING] ^
[WARNING] /home/ubuntu/repos/spring-boot-admin/spring-boot-admin-server-ui/src/main/java/de/codecentric/boot/admin/server/ui/web/servlet/package-info.java:19: warning: no comment
[WARNING] package de.codecentric.boot.admin.server.ui.web.servlet;
[WARNING] ^
[WARNING] /home/ubuntu/repos/spring-boot-admin/spring-boot-admin-server-ui/src/main/java/de/codecentric/boot/admin/server/ui/config/AdminServerUiAutoConfiguration.java:64: warning: no comment
[WARNING] public class AdminServerUiAutoConfiguration {
[WARNING] ^
[WARNING] /home/ubuntu/repos/spring-boot-admin/spring-boot-admin-server-ui/src/main/java/de/codecentric/boot/admin/server/ui/config/AdminServerUiAutoConfiguration.java:161: warning: no comment
[WARNING] public static class ReactiveUiConfiguration {
[WARNING] ^
[WARNING] /home/ubuntu/repos/spring-boot-admin/spring-boot-admin-server-ui/src/main/java/de/codecentric/boot/admin/server/ui/config/AdminServerUiAutoConfiguration.java:231: warning: no comment
[WARNING] public static class ServletUiConfiguration {
[WARNING] ^
[WARNING] /home/ubuntu/repos/spring-boot-admin/spring-boot-admin-server-ui/src/main/java/de/codecentric/boot/admin/server/ui/config/AdminServerUiAutoConfiguration.java:86: warning: no comment
[WARNING] public AdminServerUiAutoConfiguration(AdminServerUiProperties adminUi, AdminServerProperties serverProperties,
[WARNING] ^
[WARNING] /home/ubuntu/repos/spring-boot-admin/spring-boot-admin-server-ui/src/main/java/de/codecentric/boot/admin/server/ui/config/AdminServerUiAutoConfiguration.java:139: warning: no comment
[WARNING] public SpringResourceTemplateResolver adminTemplateResolver() {
[WARNING] ^
[WARNING] /home/ubuntu/repos/spring-boot-admin/spring-boot-admin-server-ui/src/main/java/de/codecentric/boot/admin/server/ui/config/AdminServerUiAutoConfiguration.java:94: warning: no comment
[WARNING] public CssColorUtils cssColorUtils() {
[WARNING] ^
[WARNING] /home/ubuntu/repos/spring-boot-admin/spring-boot-admin-server-ui/src/main/java/de/codecentric/boot/admin/server/ui/config/AdminServerUiAutoConfiguration.java:100: warning: no comment
[WARNING] public UiController homeUiController(UiExtensions uiExtensions) throws IOException {
[WARNING] ^
[WARNING] /home/ubuntu/repos/spring-boot-admin/spring-boot-admin-server-ui/src/main/java/de/codecentric/boot/admin/server/ui/config/AdminServerUiAutoConfiguration.java:164: warning: no comment
[WARNING] public static class AdminUiWebfluxConfig implements WebFluxConfigurer {
[WARNING] ^
[WARNING] /home/ubuntu/repos/spring-boot-admin/spring-boot-admin-server-ui/src/main/java/de/codecentric/boot/admin/server/ui/config/AdminServerUiAutoConfiguration.java:161: warning: use of default constructor, which does not provide a comment
[WARNING] public static class ReactiveUiConfiguration {
[WARNING] ^
[WARNING] /home/ubuntu/repos/spring-boot-admin/spring-boot-admin-server-ui/src/main/java/de/codecentric/boot/admin/server/ui/config/AdminServerUiAutoConfiguration.java:174: warning: no comment
[WARNING] public AdminUiWebfluxConfig(AdminServerUiProperties adminUi, AdminServerProperties adminServer,
[WARNING] ^
[WARNING] /home/ubuntu/repos/spring-boot-admin/spring-boot-admin-server-ui/src/main/java/de/codecentric/boot/admin/server/ui/config/AdminServerUiAutoConfiguration.java:219: warning: no comment
[WARNING] public de.codecentric.boot.admin.server.ui.web.reactive.HomepageForwardingFilter homepageForwardFilter(
[WARNING] ^
[WARNING] /home/ubuntu/repos/spring-boot-admin/spring-boot-admin-server-ui/src/main/java/de/codecentric/boot/admin/server/ui/config/AdminServerUiAutoConfiguration.java:183: warning: no comment
[WARNING] public HomepageForwardingFilterConfig homepageForwardingFilterConfig() throws IOException {
[WARNING] ^
[WARNING] /home/ubuntu/repos/spring-boot-admin/spring-boot-admin-server-ui/src/main/java/de/codecentric/boot/admin/server/ui/config/AdminServerUiAutoConfiguration.java:234: warning: no comment
[WARNING] public static class AdminUiWebMvcConfig implements WebMvcConfigurer {
[WARNING] ^
[WARNING] /home/ubuntu/repos/spring-boot-admin/spring-boot-admin-server-ui/src/main/java/de/codecentric/boot/admin/server/ui/config/AdminServerUiAutoConfiguration.java:231: warning: use of default constructor, which does not provide a comment
[WARNING] public static class ServletUiConfiguration {
[WARNING] ^
[WARNING] /home/ubuntu/repos/spring-boot-admin/spring-boot-admin-server-ui/src/main/java/de/codecentric/boot/admin/server/ui/config/AdminServerUiAutoConfiguration.java:242: warning: no comment
[WARNING] public AdminUiWebMvcConfig(AdminServerUiProperties adminUi, AdminServerProperties adminServer,
[WARNING] ^
[WARNING] /home/ubuntu/repos/spring-boot-admin/spring-boot-admin-server-ui/src/main/java/de/codecentric/boot/admin/server/ui/config/AdminServerUiAutoConfiguration.java:281: warning: no comment
[WARNING] public de.codecentric.boot.admin.server.ui.web.servlet.HomepageForwardingFilter homepageForwardFilter(
[WARNING] ^
[WARNING] /home/ubuntu/repos/spring-boot-admin/spring-boot-admin-server-ui/src/main/java/de/codecentric/boot/admin/server/ui/config/AdminServerUiAutoConfiguration.java:250: warning: no comment
[WARNING] public HomepageForwardingFilterConfig homepageForwardingFilterConfig() throws IOException {
[WARNING] ^
[WARNING] /home/ubuntu/repos/spring-boot-admin/spring-boot-admin-server-ui/src/main/java/de/codecentric/boot/admin/server/ui/config/AdminServerUiProperties.java:36: warning: no comment
[WARNING] public class AdminServerUiProperties {
[WARNING] ^
[WARNING] /home/ubuntu/repos/spring-boot-admin/spring-boot-admin-server-ui/src/main/java/de/codecentric/boot/admin/server/ui/config/AdminServerUiProperties.java:190: warning: no comment
[WARNING] public static class Cache {
[WARNING] ^
[WARNING] /home/ubuntu/repos/spring-boot-admin/spring-boot-admin-server-ui/src/main/java/de/codecentric/boot/admin/server/ui/config/AdminServerUiProperties.java:150: warning: no comment
[WARNING] public static class PollTimer {
[WARNING] ^
[WARNING] /home/ubuntu/repos/spring-boot-admin/spring-boot-admin-server-ui/src/main/java/de/codecentric/boot/admin/server/ui/config/AdminServerUiProperties.java:225: warning: no comment
[WARNING] public static class UiTheme {
[WARNING] ^
[WARNING] /home/ubuntu/repos/spring-boot-admin/spring-boot-admin-server-ui/src/main/java/de/codecentric/boot/admin/server/ui/config/AdminServerUiProperties.java:36: warning: use of default constructor, which does not provide a comment
[WARNING] public class AdminServerUiProperties {
[WARNING] ^
[WARNING] /home/ubuntu/repos/spring-boot-admin/spring-boot-admin-server-ui/src/main/java/de/codecentric/boot/admin/server/ui/config/AdminServerUiProperties.java:190: warning: use of default constructor, which does not provide a comment
[WARNING] public static class Cache {
[WARNING] ^
[WARNING] /home/ubuntu/repos/spring-boot-admin/spring-boot-admin-server-ui/src/main/java/de/codecentric/boot/admin/server/ui/config/AdminServerUiProperties.java:209: warning: no comment
[WARNING] public CacheControl toCacheControl() {
[WARNING] ^
[WARNING] /home/ubuntu/repos/spring-boot-admin/spring-boot-admin-server-ui/src/main/java/de/codecentric/boot/admin/server/ui/config/AdminServerUiProperties.java:243: warning: use of default constructor, which does not provide a comment
[WARNING] public static class Palette {
[WARNING] ^
[WARNING] /home/ubuntu/repos/spring-boot-admin/spring-boot-admin-server-ui/src/main/java/de/codecentric/boot/admin/server/ui/config/AdminServerUiProperties.java:269: warning: no comment
[WARNING] public void set100(String shade100) {
[WARNING] ^
[WARNING] /home/ubuntu/repos/spring-boot-admin/spring-boot-admin-server-ui/src/main/java/de/codecentric/boot/admin/server/ui/config/AdminServerUiProperties.java:273: warning: no comment
[WARNING] public void set200(String shade200) {
[WARNING] ^
[WARNING] /home/ubuntu/repos/spring-boot-admin/spring-boot-admin-server-ui/src/main/java/de/codecentric/boot/admin/server/ui/config/AdminServerUiProperties.java:277: warning: no comment
[WARNING] public void set300(String shade300) {
[WARNING] ^
[WARNING] /home/ubuntu/repos/spring-boot-admin/spring-boot-admin-server-ui/src/main/java/de/codecentric/boot/admin/server/ui/config/AdminServerUiProperties.java:281: warning: no comment
[WARNING] public void set400(String shade400) {
[WARNING] ^
[WARNING] /home/ubuntu/repos/spring-boot-admin/spring-boot-admin-server-ui/src/main/java/de/codecentric/boot/admin/server/ui/config/AdminServerUiProperties.java:265: warning: no comment
[WARNING] public void set50(String shade50) {
[WARNING] ^
[WARNING] /home/ubuntu/repos/spring-boot-admin/spring-boot-admin-server-ui/src/main/java/de/codecentric/boot/admin/server/ui/config/AdminServerUiProperties.java:285: warning: no comment
[WARNING] public void set500(String shade500) {
[WARNING] ^
[WARNING] /home/ubuntu/repos/spring-boot-admin/spring-boot-admin-server-ui/src/main/java/de/codecentric/boot/admin/server/ui/config/AdminServerUiProperties.java:289: warning: no comment
[WARNING] public void set600(String shade600) {
[WARNING] ^
[WARNING] /home/ubuntu/repos/spring-boot-admin/spring-boot-admin-server-ui/src/main/java/de/codecentric/boot/admin/server/ui/config/AdminServerUiProperties.java:293: warning: no comment
[WARNING] public void set700(String shade700) {
[WARNING] ^
[WARNING] /home/ubuntu/repos/spring-boot-admin/spring-boot-admin-server-ui/src/main/java/de/codecentric/boot/admin/server/ui/config/AdminServerUiProperties.java:297: warning: no comment
[WARNING] public void set800(String shade800) {
[WARNING] ^
[WARNING] /home/ubuntu/repos/spring-boot-admin/spring-boot-admin-server-ui/src/main/java/de/codecentric/boot/admin/server/ui/config/AdminServerUiProperties.java:301: warning: no comment
[WARNING] public void set900(String shade900) {
[WARNING] ^
[WARNING] /home/ubuntu/repos/spring-boot-admin/spring-boot-admin-server-ui/src/main/java/de/codecentric/boot/admin/server/ui/config/AdminServerUiProperties.java:150: warning: use of default constructor, which does not provide a comment
[WARNING] public static class PollTimer {
[WARNING] ^
[WARNING] /home/ubuntu/repos/spring-boot-admin/spring-boot-admin-server-ui/src/main/java/de/codecentric/boot/admin/server/ui/config/AdminServerUiProperties.java:225: warning: use of default constructor, which does not provide a comment
[WARNING] public static class UiTheme {
[WARNING] ^
[WARNING] /home/ubuntu/repos/spring-boot-admin/spring-boot-admin-server-ui/src/main/java/de/codecentric/boot/admin/server/ui/config/CssColorUtils.java:21: warning: no comment
[WARNING] public class CssColorUtils {
[WARNING] ^
[WARNING] /home/ubuntu/repos/spring-boot-admin/spring-boot-admin-server-ui/src/main/java/de/codecentric/boot/admin/server/ui/config/CssColorUtils.java:21: warning: use of default constructor, which does not provide a comment
[WARNING] public class CssColorUtils {
[WARNING] ^
[WARNING] /home/ubuntu/repos/spring-boot-admin/spring-boot-admin-server-ui/src/main/java/de/codecentric/boot/admin/server/ui/config/CssColorUtils.java:25: warning: no comment
[WARNING] public String hexToRgb(String color) {
[WARNING] ^
[WARNING] /home/ubuntu/repos/spring-boot-admin/spring-boot-admin-server-ui/src/main/java/de/codecentric/boot/admin/server/ui/web/reactive/HomepageForwardingFilter.java:32: warning: no comment
[WARNING] public class HomepageForwardingFilter implements WebFilter {
[WARNING] ^
[WARNING] /home/ubuntu/repos/spring-boot-admin/spring-boot-admin-server-ui/src/main/java/de/codecentric/boot/admin/server/ui/web/reactive/HomepageForwardingFilter.java:48: warning: no comment
[WARNING] public HomepageForwardingFilter(HomepageForwardingFilterConfig filterConfig) {
[WARNING] ^
[WARNING] /home/ubuntu/repos/spring-boot-admin/spring-boot-admin-server-ui/src/main/java/de/codecentric/boot/admin/server/ui/web/reactive/HomepageForwardingFilter.java:40: warning: no comment
[WARNING] public HomepageForwardingFilter(String homepage, List<String> routeIncludes, List<String> routeExcludes) {
[WARNING] ^
[WARNING] /home/ubuntu/repos/spring-boot-admin/spring-boot-admin-server-ui/src/main/java/de/codecentric/boot/admin/server/ui/web/servlet/HomepageForwardingFilter.java:61: warning: no comment
[WARNING] public HomepageForwardingFilter(HomepageForwardingFilterConfig filterConfig) {
[WARNING] ^
[WARNING] /home/ubuntu/repos/spring-boot-admin/spring-boot-admin-server-ui/src/main/java/de/codecentric/boot/admin/server/ui/web/servlet/HomepageForwardingFilter.java:53: warning: no comment
[WARNING] public HomepageForwardingFilter(String homepage, List<String> routes, List<String> excludedRoutes) {
[WARNING] ^
[WARNING] /home/ubuntu/repos/spring-boot-admin/spring-boot-admin-server-ui/src/main/java/de/codecentric/boot/admin/server/ui/web/HomepageForwardingFilterConfig.java:24: warning: no comment
[WARNING] public class HomepageForwardingFilterConfig {
[WARNING] ^
[WARNING] /home/ubuntu/repos/spring-boot-admin/spring-boot-admin-server-ui/src/main/java/de/codecentric/boot/admin/server/ui/web/HomepageForwardingFilterConfig.java:24: warning: use of default constructor, which does not provide a comment
[WARNING] public class HomepageForwardingFilterConfig {
[WARNING] ^
[WARNING] /home/ubuntu/repos/spring-boot-admin/spring-boot-admin-server-ui/src/main/java/de/codecentric/boot/admin/server/ui/web/HomepageForwardingMatcher.java:27: warning: no comment
[WARNING] public class HomepageForwardingMatcher<T> implements Predicate<T> {
[WARNING] ^
[WARNING] /home/ubuntu/repos/spring-boot-admin/spring-boot-admin-server-ui/src/main/java/de/codecentric/boot/admin/server/ui/web/HomepageForwardingMatcher.java:39: warning: no comment
[WARNING] public HomepageForwardingMatcher(List<String> includeRoutes, List<String> excludeRoutes,
[WARNING] ^
[WARNING] /home/ubuntu/repos/spring-boot-admin/spring-boot-admin-server-ui/src/main/java/de/codecentric/boot/admin/server/ui/config/ServerRuntimeHints.java:70: warning: no comment
[WARNING] public class ServerRuntimeHints implements RuntimeHintsRegistrar {
[WARNING] ^
[WARNING] /home/ubuntu/repos/spring-boot-admin/spring-boot-admin-server-ui/src/main/java/de/codecentric/boot/admin/server/ui/config/ServerRuntimeHints.java:70: warning: use of default constructor, which does not provide a comment
[WARNING] public class ServerRuntimeHints implements RuntimeHintsRegistrar {
[WARNING] ^
[WARNING] /home/ubuntu/repos/spring-boot-admin/spring-boot-admin-server-ui/src/main/java/de/codecentric/boot/admin/server/ui/config/SpringNativeServerAutoConfiguration.java:34: warning: no comment
[WARNING] public class SpringNativeServerAutoConfiguration {
[WARNING] ^
[WARNING] /home/ubuntu/repos/spring-boot-admin/spring-boot-admin-server-ui/src/main/java/de/codecentric/boot/admin/server/ui/config/SpringNativeServerAutoConfiguration.java:34: warning: use of default constructor, which does not provide a comment
[WARNING] public class SpringNativeServerAutoConfiguration {
[WARNING] ^
[WARNING] /home/ubuntu/repos/spring-boot-admin/spring-boot-admin-server-ui/src/main/java/de/codecentric/boot/admin/server/ui/web/UiController.java:45: warning: no comment
[WARNING] public class UiController {
[WARNING] ^
[WARNING] /home/ubuntu/repos/spring-boot-admin/spring-boot-admin-server-ui/src/main/java/de/codecentric/boot/admin/server/ui/web/UiController.java:161: warning: no comment
[WARNING] public static class ExternalView {
[WARNING] ^
[WARNING] /home/ubuntu/repos/spring-boot-admin/spring-boot-admin-server-ui/src/main/java/de/codecentric/boot/admin/server/ui/web/UiController.java:123: warning: no comment
[WARNING] public static class Settings {
[WARNING] ^
[WARNING] /home/ubuntu/repos/spring-boot-admin/spring-boot-admin-server-ui/src/main/java/de/codecentric/boot/admin/server/ui/web/UiController.java:204: warning: no comment
[WARNING] public static class ViewSettings {
[WARNING] ^
[WARNING] /home/ubuntu/repos/spring-boot-admin/spring-boot-admin-server-ui/src/main/java/de/codecentric/boot/admin/server/ui/web/UiController.java:53: warning: no comment
[WARNING] public UiController(String publicUrl, UiExtensions uiExtensions, Settings uiSettings) {
[WARNING] ^
[WARNING] /home/ubuntu/repos/spring-boot-admin/spring-boot-admin-server-ui/src/main/java/de/codecentric/boot/admin/server/ui/web/UiController.java:60: warning: no comment
[WARNING] public String getBaseUrl(UriComponentsBuilder uriBuilder) {
[WARNING] ^
[WARNING] /home/ubuntu/repos/spring-boot-admin/spring-boot-admin-server-ui/src/main/java/de/codecentric/boot/admin/server/ui/web/UiController.java:83: warning: no comment
[WARNING] public List<UiExtension> getCssExtensions() {
[WARNING] ^
[WARNING] /home/ubuntu/repos/spring-boot-admin/spring-boot-admin-server-ui/src/main/java/de/codecentric/boot/admin/server/ui/web/UiController.java:88: warning: no comment
[WARNING] public List<UiExtension> getJsExtensions() {
[WARNING] ^
[WARNING] /home/ubuntu/repos/spring-boot-admin/spring-boot-admin-server-ui/src/main/java/de/codecentric/boot/admin/server/ui/web/UiController.java:78: warning: no comment
[WARNING] public Settings getUiSettings() {
[WARNING] ^
[WARNING] /home/ubuntu/repos/spring-boot-admin/spring-boot-admin-server-ui/src/main/java/de/codecentric/boot/admin/server/ui/web/UiController.java:93: warning: no comment
[WARNING] public Map<String, Object> getUser(@Nullable Principal principal) {
[WARNING] ^
[WARNING] /home/ubuntu/repos/spring-boot-admin/spring-boot-admin-server-ui/src/main/java/de/codecentric/boot/admin/server/ui/web/UiController.java:102: warning: no comment
[WARNING] public String index() {
[WARNING] ^
[WARNING] /home/ubuntu/repos/spring-boot-admin/spring-boot-admin-server-ui/src/main/java/de/codecentric/boot/admin/server/ui/web/UiController.java:117: warning: no comment
[WARNING] public String login() {
[WARNING] ^
[WARNING] /home/ubuntu/repos/spring-boot-admin/spring-boot-admin-server-ui/src/main/java/de/codecentric/boot/admin/server/ui/web/UiController.java:107: warning: no comment
[WARNING] public String sbaSettings() {
[WARNING] ^
[WARNING] /home/ubuntu/repos/spring-boot-admin/spring-boot-admin-server-ui/src/main/java/de/codecentric/boot/admin/server/ui/web/UiController.java:112: warning: no comment
[WARNING] public String variablesCss() {
[WARNING] ^
[WARNING] /home/ubuntu/repos/spring-boot-admin/spring-boot-admin-server-ui/src/main/java/de/codecentric/boot/admin/server/ui/web/UiController.java:188: warning: no comment
[WARNING] public ExternalView(String label, String url, Integer order, boolean iframe, List<ExternalView> children) {
[WARNING] ^
[WARNING] /home/ubuntu/repos/spring-boot-admin/spring-boot-admin-server-ui/src/main/java/de/codecentric/boot/admin/server/ui/web/UiController.java:123: warning: use of default constructor, which does not provide a comment
[WARNING] public static class Settings {
[WARNING] ^
[WARNING] /home/ubuntu/repos/spring-boot-admin/spring-boot-admin-server-ui/src/main/java/de/codecentric/boot/admin/server/ui/web/UiController.java:216: warning: no comment
[WARNING] public ViewSettings(String name, boolean enabled) {
[WARNING] ^
[WARNING] /home/ubuntu/repos/spring-boot-admin/spring-boot-admin-server-ui/src/main/java/de/codecentric/boot/admin/server/ui/extensions/UiExtension.java:20: warning: no comment
[WARNING] public class UiExtension {
[WARNING] ^
[WARNING] /home/ubuntu/repos/spring-boot-admin/spring-boot-admin-server-ui/src/main/java/de/codecentric/boot/admin/server/ui/extensions/UiExtension.java:20: warning: use of default constructor, which does not provide a comment
[WARNING] public class UiExtension {
[WARNING] ^
[WARNING] /home/ubuntu/repos/spring-boot-admin/spring-boot-admin-server-ui/src/main/java/de/codecentric/boot/admin/server/ui/extensions/UiExtensions.java:24: warning: no comment
[WARNING] public class UiExtensions implements Iterable<UiExtension> {
[WARNING] ^
[WARNING] /home/ubuntu/repos/spring-boot-admin/spring-boot-admin-server-ui/src/main/java/de/codecentric/boot/admin/server/ui/extensions/UiExtensions.java:26: warning: no comment
[WARNING] public static final UiExtensions EMPTY = new UiExtensions(Collections.emptyList());
[WARNING] ^
[WARNING] /home/ubuntu/repos/spring-boot-admin/spring-boot-admin-server-ui/src/main/java/de/codecentric/boot/admin/server/ui/extensions/UiExtensions.java:30: warning: no comment
[WARNING] public UiExtensions(List<UiExtension> extensions) {
[WARNING] ^
[WARNING] /home/ubuntu/repos/spring-boot-admin/spring-boot-admin-server-ui/src/main/java/de/codecentric/boot/admin/server/ui/extensions/UiExtensions.java:39: warning: no comment
[WARNING] public List<UiExtension> getCssExtensions() {
[WARNING] ^
[WARNING] /home/ubuntu/repos/spring-boot-admin/spring-boot-admin-server-ui/src/main/java/de/codecentric/boot/admin/server/ui/extensions/UiExtensions.java:43: warning: no comment
[WARNING] public List<UiExtension> getJsExtensions() {
[WARNING] ^
[WARNING] /home/ubuntu/repos/spring-boot-admin/spring-boot-admin-server-ui/src/main/java/de/codecentric/boot/admin/server/ui/extensions/UiExtensionsScanner.java:33: warning: no comment
[WARNING] public class UiExtensionsScanner {
[WARNING] ^
[WARNING] /home/ubuntu/repos/spring-boot-admin/spring-boot-admin-server-ui/src/main/java/de/codecentric/boot/admin/server/ui/extensions/UiExtensionsScanner.java:39: warning: no comment
[WARNING] public UiExtensionsScanner(ResourcePatternResolver resolver) {
[WARNING] ^
[WARNING] /home/ubuntu/repos/spring-boot-admin/spring-boot-admin-server-ui/src/main/java/de/codecentric/boot/admin/server/ui/extensions/UiExtensionsScanner.java:43: warning: no comment
[WARNING] public UiExtensions scan(String... locations) throws IOException {
[WARNING] ^
[WARNING] /home/ubuntu/repos/spring-boot-admin/spring-boot-admin-server-ui/src/main/java/de/codecentric/boot/admin/server/ui/extensions/UiRoutesScanner.java:34: warning: no comment
[WARNING] public class UiRoutesScanner {
[WARNING] ^
[WARNING] /home/ubuntu/repos/spring-boot-admin/spring-boot-admin-server-ui/src/main/java/de/codecentric/boot/admin/server/ui/extensions/UiRoutesScanner.java:40: warning: no comment
[WARNING] public UiRoutesScanner(ResourcePatternResolver resolver) {
[WARNING] ^
[WARNING] /home/ubuntu/repos/spring-boot-admin/spring-boot-admin-server-ui/src/main/java/de/codecentric/boot/admin/server/ui/extensions/UiRoutesScanner.java:44: warning: no comment
[WARNING] public List<String> scan(String... locations) throws IOException {
[WARNING] ^
[WARNING] 88 warnings
[INFO] Building jar: /home/ubuntu/repos/spring-boot-admin/spring-boot-admin-server-ui/target/spring-boot-admin-server-ui-3.5.8-SNAPSHOT-javadoc.jar
[INFO] 
[INFO] --- frontend:2.0.0:npm (npm-lint) @ spring-boot-admin-server-ui ---
[INFO] Running 'npm run lint' in /home/ubuntu/repos/spring-boot-admin/spring-boot-admin-server-ui
[INFO] 
[INFO] > lint
[INFO] > eslint --ext .js,.ts,.vue src/main/frontend
[INFO] 
[INFO] 
[INFO] --- install:3.1.4:install (default-install) @ spring-boot-admin-server-ui ---
[INFO] Installing /home/ubuntu/repos/spring-boot-admin/spring-boot-admin-server-ui/.flattened-pom.xml to /home/ubuntu/.m2/repository/de/codecentric/spring-boot-admin-server-ui/3.5.8-SNAPSHOT/spring-boot-admin-server-ui-3.5.8-SNAPSHOT.pom
[INFO] Installing /home/ubuntu/repos/spring-boot-admin/spring-boot-admin-server-ui/target/spring-boot-admin-server-ui-3.5.8-SNAPSHOT.jar to /home/ubuntu/.m2/repository/de/codecentric/spring-boot-admin-server-ui/3.5.8-SNAPSHOT/spring-boot-admin-server-ui-3.5.8-SNAPSHOT.jar
[INFO] Installing /home/ubuntu/repos/spring-boot-admin/spring-boot-admin-server-ui/target/spring-boot-admin-server-ui-3.5.8-SNAPSHOT-sources.jar to /home/ubuntu/.m2/repository/de/codecentric/spring-boot-admin-server-ui/3.5.8-SNAPSHOT/spring-boot-admin-server-ui-3.5.8-SNAPSHOT-sources.jar
[INFO] Installing /home/ubuntu/repos/spring-boot-admin/spring-boot-admin-server-ui/target/spring-boot-admin-server-ui-3.5.8-SNAPSHOT-javadoc.jar to /home/ubuntu/.m2/repository/de/codecentric/spring-boot-admin-server-ui/3.5.8-SNAPSHOT/spring-boot-admin-server-ui-3.5.8-SNAPSHOT-javadoc.jar
[INFO] 
[INFO] --------------< de.codecentric:spring-boot-admin-client >---------------
[INFO] Building Spring Boot Admin Client 3.5.8-SNAPSHOT                  [6/19]
[INFO]   from spring-boot-admin-client/pom.xml
[INFO] --------------------------------[ jar ]---------------------------------
[INFO] 
[INFO] --- clean:3.5.0:clean (default-clean) @ spring-boot-admin-client ---
[INFO] Deleting /home/ubuntu/repos/spring-boot-admin/spring-boot-admin-client/target
[INFO] 
[INFO] --- checkstyle:3.6.0:check (checkstyle-validation) @ spring-boot-admin-client ---
[INFO] Starting audit...
Audit done.
[INFO] You have 0 Checkstyle violations.
[INFO] 
[INFO] --- enforcer:3.6.2:enforce (enforce-maven) @ spring-boot-admin-client ---
[INFO] 
[INFO] --- spring-javaformat:0.0.47:validate (default) @ spring-boot-admin-client ---
[INFO] 
[INFO] --- build-helper:3.6.1:regex-property (generate-automatic-module-name) @ spring-boot-admin-client ---
[INFO] 
[INFO] --- resources:3.4.0:resources (default-resources) @ spring-boot-admin-client ---
[INFO] Copying 2 resources from src/main/resources to target/classes
[INFO] 
[INFO] --- flatten:1.7.3:flatten (flatten) @ spring-boot-admin-client ---
[INFO] Generating flattened POM of project de.codecentric:spring-boot-admin-client:jar:3.5.8-SNAPSHOT...
[INFO] 
[INFO] --- compiler:3.15.0:compile (default-compile) @ spring-boot-admin-client ---
[INFO] Recompiling the module because of changed source code.
[INFO] Compiling 29 source files with javac [debug parameters target 21] to target/classes
[INFO] /home/ubuntu/repos/spring-boot-admin/spring-boot-admin-client/src/main/java/de/codecentric/boot/admin/client/registration/DefaultApplicationFactory.java: /home/ubuntu/repos/spring-boot-admin/spring-boot-admin-client/src/main/java/de/codecentric/boot/admin/client/registration/DefaultApplicationFactory.java uses or overrides a deprecated API.
[INFO] /home/ubuntu/repos/spring-boot-admin/spring-boot-admin-client/src/main/java/de/codecentric/boot/admin/client/registration/DefaultApplicationFactory.java: Recompile with -Xlint:deprecation for details.
[INFO] 
[INFO] --- resources:3.4.0:testResources (default-testResources) @ spring-boot-admin-client ---
[INFO] Copying 3 resources from src/test/resources to target/test-classes
[INFO] 
[INFO] --- compiler:3.15.0:testCompile (default-testCompile) @ spring-boot-admin-client ---
[INFO] Recompiling the module because of changed dependency.
[INFO] Compiling 23 source files with javac [debug parameters target 21] to target/test-classes
[INFO] /home/ubuntu/repos/spring-boot-admin/spring-boot-admin-client/src/test/java/de/codecentric/boot/admin/client/registration/DefaultApplicationFactoryTest.java: /home/ubuntu/repos/spring-boot-admin/spring-boot-admin-client/src/test/java/de/codecentric/boot/admin/client/registration/DefaultApplicationFactoryTest.java uses or overrides a deprecated API.
[INFO] /home/ubuntu/repos/spring-boot-admin/spring-boot-admin-client/src/test/java/de/codecentric/boot/admin/client/registration/DefaultApplicationFactoryTest.java: Recompile with -Xlint:deprecation for details.
[INFO] 
[INFO] --- surefire:3.5.4:test (default-test) @ spring-boot-admin-client ---
[INFO] Tests are skipped.
[INFO] 
[INFO] --- jar:3.5.0:jar (default-jar) @ spring-boot-admin-client ---
[INFO] Building jar: /home/ubuntu/repos/spring-boot-admin/spring-boot-admin-client/target/spring-boot-admin-client-3.5.8-SNAPSHOT.jar
[INFO] 
[INFO] --- source:3.4.0:jar-no-fork (attach-sources) @ spring-boot-admin-client ---
[INFO] Building jar: /home/ubuntu/repos/spring-boot-admin/spring-boot-admin-client/target/spring-boot-admin-client-3.5.8-SNAPSHOT-sources.jar
[INFO] 
[INFO] --- javadoc:3.12.0:jar (attach-javadocs) @ spring-boot-admin-client ---
[WARNING] Javadoc Warnings
[WARNING] /home/ubuntu/repos/spring-boot-admin/spring-boot-admin-client/src/main/java/de/codecentric/boot/admin/client/config/package-info.java:19: warning: no comment
[WARNING] package de.codecentric.boot.admin.client.config;
[WARNING] ^
[WARNING] /home/ubuntu/repos/spring-boot-admin/spring-boot-admin-client/src/main/java/de/codecentric/boot/admin/client/registration/package-info.java:19: warning: no comment
[WARNING] package de.codecentric.boot.admin.client.registration;
[WARNING] ^
[WARNING] /home/ubuntu/repos/spring-boot-admin/spring-boot-admin-client/src/main/java/de/codecentric/boot/admin/client/registration/metadata/package-info.java:19: warning: no comment
[WARNING] package de.codecentric.boot.admin.client.registration.metadata;
[WARNING] ^
[WARNING] /home/ubuntu/repos/spring-boot-admin/spring-boot-admin-client/src/main/java/de/codecentric/boot/admin/client/registration/Application.java:64: warning: no comment
[WARNING] public static class Builder {
[WARNING] ^
[WARNING] /home/ubuntu/repos/spring-boot-admin/spring-boot-admin-client/src/main/java/de/codecentric/boot/admin/client/registration/Application.java:45: warning: no comment
[WARNING] protected Application(String name, String managementUrl, String healthUrl, String serviceUrl,
[WARNING] ^
[WARNING] /home/ubuntu/repos/spring-boot-admin/spring-boot-admin-client/src/main/java/de/codecentric/boot/admin/client/registration/Application.java:56: warning: no comment
[WARNING] public static Builder create(String name) {
[WARNING] ^
[WARNING] /home/ubuntu/repos/spring-boot-admin/spring-boot-admin-client/src/main/java/de/codecentric/boot/admin/client/registration/Application.java:60: warning: no comment
[WARNING] public Map<String, String> getMetadata() {
[WARNING] ^
[WARNING] /home/ubuntu/repos/spring-boot-admin/spring-boot-admin-client/src/main/java/de/codecentric/boot/admin/client/registration/Application.java:64: warning: use of default constructor, which does not provide a comment
[WARNING] public static class Builder {
[WARNING] ^
[WARNING] /home/ubuntu/repos/spring-boot-admin/spring-boot-admin-client/src/main/java/de/codecentric/boot/admin/client/registration/ApplicationFactory.java:28: warning: no main description
[WARNING] * @return {@link Application} instance;
[WARNING] ^
[WARNING] /home/ubuntu/repos/spring-boot-admin/spring-boot-admin-client/src/main/java/de/codecentric/boot/admin/client/registration/ApplicationRegistrator.java:36: warning: no main description
[WARNING] * @return the id of this client as given by the admin server. Returns null if the
[WARNING] ^
[WARNING] /home/ubuntu/repos/spring-boot-admin/spring-boot-admin-client/src/main/java/de/codecentric/boot/admin/client/registration/BlockingRegistrationClient.java:30: warning: no comment
[WARNING] public class BlockingRegistrationClient implements RegistrationClient {
[WARNING] ^
[WARNING] /home/ubuntu/repos/spring-boot-admin/spring-boot-admin-client/src/main/java/de/codecentric/boot/admin/client/registration/BlockingRegistrationClient.java:37: warning: no comment
[WARNING] public BlockingRegistrationClient(RestTemplate restTemplate) {
[WARNING] ^
[WARNING] /home/ubuntu/repos/spring-boot-admin/spring-boot-admin-client/src/main/java/de/codecentric/boot/admin/client/registration/BlockingRegistrationClient.java:53: warning: no comment
[WARNING] protected HttpHeaders createRequestHeaders() {
[WARNING] ^
[WARNING] /home/ubuntu/repos/spring-boot-admin/spring-boot-admin-client/src/main/java/de/codecentric/boot/admin/client/registration/RegistrationClient.java:23: warning: no comment
[WARNING] void deregister(String adminUrl, String id);
[WARNING] ^
[WARNING] /home/ubuntu/repos/spring-boot-admin/spring-boot-admin-client/src/main/java/de/codecentric/boot/admin/client/registration/RegistrationClient.java:21: warning: no comment
[WARNING] String register(String adminUrl, Application self);
[WARNING] ^
[WARNING] /home/ubuntu/repos/spring-boot-admin/spring-boot-admin-client/src/main/java/de/codecentric/boot/admin/client/config/ClientProperties.java:30: warning: no comment
[WARNING] public class ClientProperties {
[WARNING] ^
[WARNING] /home/ubuntu/repos/spring-boot-admin/spring-boot-admin-client/src/main/java/de/codecentric/boot/admin/client/config/ClientProperties.java:30: warning: use of default constructor, which does not provide a comment
[WARNING] public class ClientProperties {
[WARNING] ^
[WARNING] /home/ubuntu/repos/spring-boot-admin/spring-boot-admin-client/src/main/java/de/codecentric/boot/admin/client/config/ClientProperties.java:94: warning: no comment
[WARNING] public String[] getAdminUrl() {
[WARNING] ^
[WARNING] /home/ubuntu/repos/spring-boot-admin/spring-boot-admin-client/src/main/java/de/codecentric/boot/admin/client/config/ClientProperties.java:102: warning: no comment
[WARNING] public boolean isAutoDeregistration(Environment environment) {
[WARNING] ^
[WARNING] /home/ubuntu/repos/spring-boot-admin/spring-boot-admin-client/src/main/java/de/codecentric/boot/admin/client/config/ClientRuntimeHints.java:31: warning: no comment
[WARNING] public class ClientRuntimeHints implements RuntimeHintsRegistrar {
[WARNING] ^
[WARNING] /home/ubuntu/repos/spring-boot-admin/spring-boot-admin-client/src/main/java/de/codecentric/boot/admin/client/config/ClientRuntimeHints.java:31: warning: use of default constructor, which does not provide a comment
[WARNING] public class ClientRuntimeHints implements RuntimeHintsRegistrar {
[WARNING] ^
[WARNING] /home/ubuntu/repos/spring-boot-admin/spring-boot-admin-client/src/main/java/de/codecentric/boot/admin/client/registration/CloudFoundryApplicationFactory.java:29: warning: no comment
[WARNING] public class CloudFoundryApplicationFactory extends DefaultApplicationFactory {
[WARNING] ^
[WARNING] /home/ubuntu/repos/spring-boot-admin/spring-boot-admin-client/src/main/java/de/codecentric/boot/admin/client/registration/CloudFoundryApplicationFactory.java:35: warning: no comment
[WARNING] public CloudFoundryApplicationFactory(InstanceProperties instance, ManagementServerProperties management,
[WARNING] ^
[WARNING] /home/ubuntu/repos/spring-boot-admin/spring-boot-admin-client/src/main/java/de/codecentric/boot/admin/client/registration/DefaultApplicationFactory.java:99: warning: no comment
[WARNING] protected String getServiceBaseUrl() {
[WARNING] ^
[WARNING] /home/ubuntu/repos/spring-boot-admin/spring-boot-admin-client/src/main/java/de/codecentric/boot/admin/client/config/CloudFoundryApplicationProperties.java:27: warning: no comment
[WARNING] public class CloudFoundryApplicationProperties {
[WARNING] ^
[WARNING] /home/ubuntu/repos/spring-boot-admin/spring-boot-admin-client/src/main/java/de/codecentric/boot/admin/client/config/CloudFoundryApplicationProperties.java:27: warning: use of default constructor, which does not provide a comment
[WARNING] public class CloudFoundryApplicationProperties {
[WARNING] ^
[WARNING] /home/ubuntu/repos/spring-boot-admin/spring-boot-admin-client/src/main/java/de/codecentric/boot/admin/client/registration/metadata/CloudFoundryMetadataContributor.java:27: warning: no comment
[WARNING] public class CloudFoundryMetadataContributor implements MetadataContributor {
[WARNING] ^
[WARNING] /home/ubuntu/repos/spring-boot-admin/spring-boot-admin-client/src/main/java/de/codecentric/boot/admin/client/registration/metadata/CloudFoundryMetadataContributor.java:31: warning: no comment
[WARNING] public CloudFoundryMetadataContributor(CloudFoundryApplicationProperties cfApplicationProperties) {
[WARNING] ^
[WARNING] /home/ubuntu/repos/spring-boot-admin/spring-boot-admin-client/src/main/java/de/codecentric/boot/admin/client/registration/metadata/MetadataContributor.java:24: warning: no comment
[WARNING] Map<String, String> getMetadata();
[WARNING] ^
[WARNING] /home/ubuntu/repos/spring-boot-admin/spring-boot-admin-client/src/main/java/de/codecentric/boot/admin/client/registration/metadata/CompositeMetadataContributor.java:23: warning: no comment
[WARNING] public class CompositeMetadataContributor implements MetadataContributor {
[WARNING] ^
[WARNING] /home/ubuntu/repos/spring-boot-admin/spring-boot-admin-client/src/main/java/de/codecentric/boot/admin/client/registration/metadata/CompositeMetadataContributor.java:27: warning: no comment
[WARNING] public CompositeMetadataContributor(List<MetadataContributor> delegates) {
[WARNING] ^
[WARNING] /home/ubuntu/repos/spring-boot-admin/spring-boot-admin-client/src/main/java/de/codecentric/boot/admin/client/registration/DefaultApplicationFactory.java:66: warning: no comment
[WARNING] public DefaultApplicationFactory(InstanceProperties instance, ManagementServerProperties management,
[WARNING] ^
[WARNING] /home/ubuntu/repos/spring-boot-admin/spring-boot-admin-client/src/main/java/de/codecentric/boot/admin/client/registration/DefaultApplicationFactory.java:157: warning: no comment
[WARNING] protected String getEndpointsWebPath() {
[WARNING] ^
[WARNING] /home/ubuntu/repos/spring-boot-admin/spring-boot-admin-client/src/main/java/de/codecentric/boot/admin/client/registration/DefaultApplicationFactory.java:218: warning: no comment
[WARNING] protected String getHealthEndpointPath() {
[WARNING] ^
[WARNING] /home/ubuntu/repos/spring-boot-admin/spring-boot-admin-client/src/main/java/de/codecentric/boot/admin/client/registration/DefaultApplicationFactory.java:161: warning: no comment
[WARNING] protected String getHealthUrl() {
[WARNING] ^
[WARNING] /home/ubuntu/repos/spring-boot-admin/spring-boot-admin-client/src/main/java/de/codecentric/boot/admin/client/registration/DefaultApplicationFactory.java:234: warning: no comment
[WARNING] protected String getHost(InetAddress address) {
[WARNING] ^
[WARNING] /home/ubuntu/repos/spring-boot-admin/spring-boot-admin-client/src/main/java/de/codecentric/boot/admin/client/registration/DefaultApplicationFactory.java:194: warning: no comment
[WARNING] protected InetAddress getLocalHost() {
[WARNING] ^
[WARNING] /home/ubuntu/repos/spring-boot-admin/spring-boot-admin-client/src/main/java/de/codecentric/boot/admin/client/registration/DefaultApplicationFactory.java:211: warning: no comment
[WARNING] protected Integer getLocalManagementPort() {
[WARNING] ^
[WARNING] /home/ubuntu/repos/spring-boot-admin/spring-boot-admin-client/src/main/java/de/codecentric/boot/admin/client/registration/DefaultApplicationFactory.java:203: warning: no comment
[WARNING] protected Integer getLocalServerPort() {
[WARNING] ^
[WARNING] /home/ubuntu/repos/spring-boot-admin/spring-boot-admin-client/src/main/java/de/codecentric/boot/admin/client/registration/DefaultApplicationFactory.java:134: warning: no comment
[WARNING] protected String getManagementBaseUrl() {
[WARNING] ^
[WARNING] /home/ubuntu/repos/spring-boot-admin/spring-boot-admin-client/src/main/java/de/codecentric/boot/admin/client/registration/DefaultApplicationFactory.java:186: warning: no comment
[WARNING] protected String getManagementHost() {
[WARNING] ^
[WARNING] /home/ubuntu/repos/spring-boot-admin/spring-boot-admin-client/src/main/java/de/codecentric/boot/admin/client/registration/DefaultApplicationFactory.java:123: warning: no comment
[WARNING] protected String getManagementUrl() {
[WARNING] ^
[WARNING] /home/ubuntu/repos/spring-boot-admin/spring-boot-admin-client/src/main/java/de/codecentric/boot/admin/client/registration/DefaultApplicationFactory.java:171: warning: no comment
[WARNING] protected Map<String, String> getMetadata() {
[WARNING] ^
[WARNING] /home/ubuntu/repos/spring-boot-admin/spring-boot-admin-client/src/main/java/de/codecentric/boot/admin/client/registration/DefaultApplicationFactory.java:87: warning: no comment
[WARNING] protected String getName() {
[WARNING] ^
[WARNING] /home/ubuntu/repos/spring-boot-admin/spring-boot-admin-client/src/main/java/de/codecentric/boot/admin/client/registration/DefaultApplicationFactory.java:230: warning: no comment
[WARNING] protected String getScheme(@Nullable Ssl ssl) {
[WARNING] ^
[WARNING] /home/ubuntu/repos/spring-boot-admin/spring-boot-admin-client/src/main/java/de/codecentric/boot/admin/client/registration/DefaultApplicationFactory.java:178: warning: no comment
[WARNING] protected String getServiceHost() {
[WARNING] ^
[WARNING] /home/ubuntu/repos/spring-boot-admin/spring-boot-admin-client/src/main/java/de/codecentric/boot/admin/client/registration/DefaultApplicationFactory.java:113: warning: no comment
[WARNING] protected String getServicePath() {
[WARNING] ^
[WARNING] /home/ubuntu/repos/spring-boot-admin/spring-boot-admin-client/src/main/java/de/codecentric/boot/admin/client/registration/DefaultApplicationFactory.java:91: warning: no comment
[WARNING] protected String getServiceUrl() {
[WARNING] ^
[WARNING] /home/ubuntu/repos/spring-boot-admin/spring-boot-admin-client/src/main/java/de/codecentric/boot/admin/client/registration/DefaultApplicationFactory.java:153: warning: no comment
[WARNING] protected boolean isManagementPortEqual() {
[WARNING] ^
[WARNING] /home/ubuntu/repos/spring-boot-admin/spring-boot-admin-client/src/main/java/de/codecentric/boot/admin/client/registration/DefaultApplicationFactory.java:247: warning: no comment
[WARNING] public void onWebServerInitialized(WebServerInitializedEvent event) {
[WARNING] ^
[WARNING] /home/ubuntu/repos/spring-boot-admin/spring-boot-admin-client/src/main/java/de/codecentric/boot/admin/client/registration/DefaultApplicationRegistrator.java:26: warning: no comment
[WARNING] public class DefaultApplicationRegistrator implements ApplicationRegistrator {
[WARNING] ^
[WARNING] /home/ubuntu/repos/spring-boot-admin/spring-boot-admin-client/src/main/java/de/codecentric/boot/admin/client/registration/DefaultApplicationRegistrator.java:42: warning: no comment
[WARNING] public DefaultApplicationRegistrator(ApplicationFactory applicationFactory, RegistrationClient registrationClient,
[WARNING] ^
[WARNING] /home/ubuntu/repos/spring-boot-admin/spring-boot-admin-client/src/main/java/de/codecentric/boot/admin/client/registration/DefaultApplicationRegistrator.java:78: warning: no comment
[WARNING] protected boolean register(Application application, String adminUrl, boolean firstAttempt) {
[WARNING] ^
[WARNING] /home/ubuntu/repos/spring-boot-admin/spring-boot-admin-client/src/main/java/de/codecentric/boot/admin/client/config/InstanceProperties.java:28: warning: no comment
[WARNING] public class InstanceProperties {
[WARNING] ^
[WARNING] /home/ubuntu/repos/spring-boot-admin/spring-boot-admin-client/src/main/java/de/codecentric/boot/admin/client/config/InstanceProperties.java:28: warning: use of default constructor, which does not provide a comment
[WARNING] public class InstanceProperties {
[WARNING] ^
[WARNING] /home/ubuntu/repos/spring-boot-admin/spring-boot-admin-client/src/main/java/de/codecentric/boot/admin/client/registration/metadata/MetadataContributor.java:22: warning: no comment
[WARNING] public interface MetadataContributor {
[WARNING] ^
[WARNING] /home/ubuntu/repos/spring-boot-admin/spring-boot-admin-client/src/main/java/de/codecentric/boot/admin/client/registration/ReactiveApplicationFactory.java:31: warning: no comment
[WARNING] public class ReactiveApplicationFactory extends DefaultApplicationFactory {
[WARNING] ^
[WARNING] /home/ubuntu/repos/spring-boot-admin/spring-boot-admin-client/src/main/java/de/codecentric/boot/admin/client/registration/ReactiveApplicationFactory.java:41: warning: no comment
[WARNING] public ReactiveApplicationFactory(InstanceProperties instance, ManagementServerProperties management,
[WARNING] ^
[WARNING] /home/ubuntu/repos/spring-boot-admin/spring-boot-admin-client/src/main/java/de/codecentric/boot/admin/client/registration/ReactiveApplicationFactory.java:84: warning: no comment
[WARNING] protected String getManagementContextPath() {
[WARNING] ^
[WARNING] /home/ubuntu/repos/spring-boot-admin/spring-boot-admin-client/src/main/java/de/codecentric/boot/admin/client/registration/ReactiveApplicationFactory.java:88: warning: no comment
[WARNING] protected String getWebfluxBasePath() {
[WARNING] ^
[WARNING] /home/ubuntu/repos/spring-boot-admin/spring-boot-admin-client/src/main/java/de/codecentric/boot/admin/client/registration/ReactiveRegistrationClient.java:28: warning: no comment
[WARNING] public class ReactiveRegistrationClient implements RegistrationClient {
[WARNING] ^
[WARNING] /home/ubuntu/repos/spring-boot-admin/spring-boot-admin-client/src/main/java/de/codecentric/boot/admin/client/registration/ReactiveRegistrationClient.java:37: warning: no comment
[WARNING] public ReactiveRegistrationClient(WebClient webclient, Duration timeout) {
[WARNING] ^
[WARNING] /home/ubuntu/repos/spring-boot-admin/spring-boot-admin-client/src/main/java/de/codecentric/boot/admin/client/registration/ReactiveRegistrationClient.java:60: warning: no comment
[WARNING] protected void setRequestHeaders(HttpHeaders headers) {
[WARNING] ^
[WARNING] /home/ubuntu/repos/spring-boot-admin/spring-boot-admin-client/src/main/java/de/codecentric/boot/admin/client/registration/RegistrationApplicationListener.java:57: warning: no comment
[WARNING] public RegistrationApplicationListener(ApplicationRegistrator registrator) {
[WARNING] ^
[WARNING] /home/ubuntu/repos/spring-boot-admin/spring-boot-admin-client/src/main/java/de/codecentric/boot/admin/client/registration/RegistrationApplicationListener.java:76: warning: no comment
[WARNING] public void onApplicationReady(ApplicationReadyEvent event) {
[WARNING] ^
[WARNING] /home/ubuntu/repos/spring-boot-admin/spring-boot-admin-client/src/main/java/de/codecentric/boot/admin/client/registration/RegistrationApplicationListener.java:84: warning: no comment
[WARNING] public void onClosedContext(ContextClosedEvent event) {
[WARNING] ^
[WARNING] /home/ubuntu/repos/spring-boot-admin/spring-boot-admin-client/src/main/java/de/codecentric/boot/admin/client/registration/RegistrationApplicationListener.java:111: warning: no comment
[WARNING] public void setAutoDeregister(boolean autoDeregister) {
[WARNING] ^
[WARNING] /home/ubuntu/repos/spring-boot-admin/spring-boot-admin-client/src/main/java/de/codecentric/boot/admin/client/registration/RegistrationApplicationListener.java:115: warning: no comment
[WARNING] public void setAutoRegister(boolean autoRegister) {
[WARNING] ^
[WARNING] /home/ubuntu/repos/spring-boot-admin/spring-boot-admin-client/src/main/java/de/codecentric/boot/admin/client/registration/RegistrationApplicationListener.java:119: warning: no comment
[WARNING] public void setRegisterPeriod(Duration registerPeriod) {
[WARNING] ^
[WARNING] /home/ubuntu/repos/spring-boot-admin/spring-boot-admin-client/src/main/java/de/codecentric/boot/admin/client/registration/RegistrationApplicationListener.java:95: warning: no comment
[WARNING] public void startRegisterTask() {
[WARNING] ^
[WARNING] /home/ubuntu/repos/spring-boot-admin/spring-boot-admin-client/src/main/java/de/codecentric/boot/admin/client/registration/RegistrationApplicationListener.java:104: warning: no comment
[WARNING] public void stopRegisterTask() {
[WARNING] ^
[WARNING] /home/ubuntu/repos/spring-boot-admin/spring-boot-admin-client/src/main/java/de/codecentric/boot/admin/client/registration/RegistrationClient.java:19: warning: no comment
[WARNING] public interface RegistrationClient {
[WARNING] ^
[WARNING] /home/ubuntu/repos/spring-boot-admin/spring-boot-admin-client/src/main/java/de/codecentric/boot/admin/client/registration/RestClientRegistrationClient.java:27: warning: no comment
[WARNING] public class RestClientRegistrationClient implements RegistrationClient {
[WARNING] ^
[WARNING] /home/ubuntu/repos/spring-boot-admin/spring-boot-admin-client/src/main/java/de/codecentric/boot/admin/client/registration/RestClientRegistrationClient.java:34: warning: no comment
[WARNING] public RestClientRegistrationClient(RestClient restClient) {
[WARNING] ^
[WARNING] /home/ubuntu/repos/spring-boot-admin/spring-boot-admin-client/src/main/java/de/codecentric/boot/admin/client/registration/RestClientRegistrationClient.java:54: warning: no comment
[WARNING] protected void setRequestHeaders(HttpHeaders headers) {
[WARNING] ^
[WARNING] /home/ubuntu/repos/spring-boot-admin/spring-boot-admin-client/src/main/java/de/codecentric/boot/admin/client/config/ServiceHostType.java:19: warning: no comment
[WARNING] public enum ServiceHostType {
[WARNING] ^
[WARNING] /home/ubuntu/repos/spring-boot-admin/spring-boot-admin-client/src/main/java/de/codecentric/boot/admin/client/config/ServiceHostType.java:21: warning: no comment
[WARNING] IP, HOST_NAME, CANONICAL_HOST_NAME,
[WARNING] ^
[WARNING] /home/ubuntu/repos/spring-boot-admin/spring-boot-admin-client/src/main/java/de/codecentric/boot/admin/client/config/ServiceHostType.java:21: warning: no comment
[WARNING] IP, HOST_NAME, CANONICAL_HOST_NAME,
[WARNING] ^
[WARNING] /home/ubuntu/repos/spring-boot-admin/spring-boot-admin-client/src/main/java/de/codecentric/boot/admin/client/config/ServiceHostType.java:21: warning: no comment
[WARNING] IP, HOST_NAME, CANONICAL_HOST_NAME,
[WARNING] ^
[WARNING] /home/ubuntu/repos/spring-boot-admin/spring-boot-admin-client/src/main/java/de/codecentric/boot/admin/client/registration/ServletApplicationFactory.java:32: warning: no comment
[WARNING] public class ServletApplicationFactory extends DefaultApplicationFactory {
[WARNING] ^
[WARNING] /home/ubuntu/repos/spring-boot-admin/spring-boot-admin-client/src/main/java/de/codecentric/boot/admin/client/registration/ServletApplicationFactory.java:44: warning: no comment
[WARNING] public ServletApplicationFactory(InstanceProperties instance, ManagementServerProperties management,
[WARNING] ^
[WARNING] /home/ubuntu/repos/spring-boot-admin/spring-boot-admin-client/src/main/java/de/codecentric/boot/admin/client/registration/ServletApplicationFactory.java:101: warning: no comment
[WARNING] protected String getDispatcherServletPrefix() {
[WARNING] ^
[WARNING] /home/ubuntu/repos/spring-boot-admin/spring-boot-admin-client/src/main/java/de/codecentric/boot/admin/client/registration/ServletApplicationFactory.java:93: warning: no comment
[WARNING] protected String getManagementContextPath() {
[WARNING] ^
[WARNING] /home/ubuntu/repos/spring-boot-admin/spring-boot-admin-client/src/main/java/de/codecentric/boot/admin/client/registration/ServletApplicationFactory.java:97: warning: no comment
[WARNING] protected String getServerContextPath() {
[WARNING] ^
[WARNING] /home/ubuntu/repos/spring-boot-admin/spring-boot-admin-client/src/main/java/de/codecentric/boot/admin/client/config/SpringBootAdminClientAutoConfiguration.java:77: warning: no comment
[WARNING] public class SpringBootAdminClientAutoConfiguration {
[WARNING] ^
[WARNING] /home/ubuntu/repos/spring-boot-admin/spring-boot-admin-client/src/main/java/de/codecentric/boot/admin/client/config/SpringBootAdminClientAutoConfiguration.java:143: warning: no comment
[WARNING] public static class BlockingRegistrationClientConfig {
[WARNING] ^
[WARNING] /home/ubuntu/repos/spring-boot-admin/spring-boot-admin-client/src/main/java/de/codecentric/boot/admin/client/config/SpringBootAdminClientAutoConfiguration.java:126: warning: no comment
[WARNING] public static class ReactiveConfiguration {
[WARNING] ^
[WARNING] /home/ubuntu/repos/spring-boot-admin/spring-boot-admin-client/src/main/java/de/codecentric/boot/admin/client/config/SpringBootAdminClientAutoConfiguration.java:186: warning: no comment
[WARNING] public static class ReactiveRegistrationClientConfig {
[WARNING] ^
[WARNING] /home/ubuntu/repos/spring-boot-admin/spring-boot-admin-client/src/main/java/de/codecentric/boot/admin/client/config/SpringBootAdminClientAutoConfiguration.java:163: warning: no comment
[WARNING] public static class RestClientRegistrationClientConfig {
[WARNING] ^
[WARNING] /home/ubuntu/repos/spring-boot-admin/spring-boot-admin-client/src/main/java/de/codecentric/boot/admin/client/config/SpringBootAdminClientAutoConfiguration.java:107: warning: no comment
[WARNING] public static class ServletConfiguration {
[WARNING] ^
[WARNING] /home/ubuntu/repos/spring-boot-admin/spring-boot-admin-client/src/main/java/de/codecentric/boot/admin/client/config/SpringBootAdminClientAutoConfiguration.java:77: warning: use of default constructor, which does not provide a comment
[WARNING] public class SpringBootAdminClientAutoConfiguration {
[WARNING] ^
[WARNING] /home/ubuntu/repos/spring-boot-admin/spring-boot-admin-client/src/main/java/de/codecentric/boot/admin/client/config/SpringBootAdminClientAutoConfiguration.java:89: warning: no comment
[WARNING] public RegistrationApplicationListener registrationListener(ClientProperties client,
[WARNING] ^
[WARNING] /home/ubuntu/repos/spring-boot-admin/spring-boot-admin-client/src/main/java/de/codecentric/boot/admin/client/config/SpringBootAdminClientAutoConfiguration.java:81: warning: no comment
[WARNING] public ApplicationRegistrator registrator(RegistrationClient registrationClient, ClientProperties client,
[WARNING] ^
[WARNING] /home/ubuntu/repos/spring-boot-admin/spring-boot-admin-client/src/main/java/de/codecentric/boot/admin/client/config/SpringBootAdminClientAutoConfiguration.java:100: warning: no comment
[WARNING] public StartupDateMetadataContributor startupDateMetadataContributor() {
[WARNING] ^
[WARNING] /home/ubuntu/repos/spring-boot-admin/spring-boot-admin-client/src/main/java/de/codecentric/boot/admin/client/config/SpringBootAdminClientAutoConfiguration.java:143: warning: use of default constructor, which does not provide a comment
[WARNING] public static class BlockingRegistrationClientConfig {
[WARNING] ^
[WARNING] /home/ubuntu/repos/spring-boot-admin/spring-boot-admin-client/src/main/java/de/codecentric/boot/admin/client/config/SpringBootAdminClientAutoConfiguration.java:147: warning: no comment
[WARNING] public RegistrationClient registrationClient(ClientProperties client) {
[WARNING] ^
[WARNING] /home/ubuntu/repos/spring-boot-admin/spring-boot-admin-client/src/main/java/de/codecentric/boot/admin/client/config/SpringBootAdminClientAutoConfiguration.java:126: warning: use of default constructor, which does not provide a comment
[WARNING] public static class ReactiveConfiguration {
[WARNING] ^
[WARNING] /home/ubuntu/repos/spring-boot-admin/spring-boot-admin-client/src/main/java/de/codecentric/boot/admin/client/config/SpringBootAdminClientAutoConfiguration.java:131: warning: no comment
[WARNING] public ApplicationFactory applicationFactory(InstanceProperties instance, ManagementServerProperties management,
[WARNING] ^
[WARNING] /home/ubuntu/repos/spring-boot-admin/spring-boot-admin-client/src/main/java/de/codecentric/boot/admin/client/config/SpringBootAdminClientAutoConfiguration.java:186: warning: use of default constructor, which does not provide a comment
[WARNING] public static class ReactiveRegistrationClientConfig {
[WARNING] ^
[WARNING] /home/ubuntu/repos/spring-boot-admin/spring-boot-admin-client/src/main/java/de/codecentric/boot/admin/client/config/SpringBootAdminClientAutoConfiguration.java:190: warning: no comment
[WARNING] public RegistrationClient registrationClient(ClientProperties client, WebClient.Builder webClient) {
[WARNING] ^
[WARNING] 100 warnings
[INFO] Building jar: /home/ubuntu/repos/spring-boot-admin/spring-boot-admin-client/target/spring-boot-admin-client-3.5.8-SNAPSHOT-javadoc.jar
[INFO] 
[INFO] --- install:3.1.4:install (default-install) @ spring-boot-admin-client ---
[INFO] Installing /home/ubuntu/repos/spring-boot-admin/spring-boot-admin-client/.flattened-pom.xml to /home/ubuntu/.m2/repository/de/codecentric/spring-boot-admin-client/3.5.8-SNAPSHOT/spring-boot-admin-client-3.5.8-SNAPSHOT.pom
[INFO] Installing /home/ubuntu/repos/spring-boot-admin/spring-boot-admin-client/target/spring-boot-admin-client-3.5.8-SNAPSHOT.jar to /home/ubuntu/.m2/repository/de/codecentric/spring-boot-admin-client/3.5.8-SNAPSHOT/spring-boot-admin-client-3.5.8-SNAPSHOT.jar
[INFO] Installing /home/ubuntu/repos/spring-boot-admin/spring-boot-admin-client/target/spring-boot-admin-client-3.5.8-SNAPSHOT-sources.jar to /home/ubuntu/.m2/repository/de/codecentric/spring-boot-admin-client/3.5.8-SNAPSHOT/spring-boot-admin-client-3.5.8-SNAPSHOT-sources.jar
[INFO] Installing /home/ubuntu/repos/spring-boot-admin/spring-boot-admin-client/target/spring-boot-admin-client-3.5.8-SNAPSHOT-javadoc.jar to /home/ubuntu/.m2/repository/de/codecentric/spring-boot-admin-client/3.5.8-SNAPSHOT/spring-boot-admin-client-3.5.8-SNAPSHOT-javadoc.jar
[INFO] 
[INFO] ---------------< de.codecentric:spring-boot-admin-docs >----------------
[INFO] Building Spring Boot Admin Docs 3.5.8-SNAPSHOT                    [7/19]
[INFO]   from spring-boot-admin-docs/pom.xml
[INFO] --------------------------------[ pom ]---------------------------------
[INFO] 
[INFO] --- clean:3.5.0:clean (default-clean) @ spring-boot-admin-docs ---
[INFO] Deleting /home/ubuntu/repos/spring-boot-admin/spring-boot-admin-docs/target
[INFO] 
[INFO] --- checkstyle:3.6.0:check (checkstyle-validation) @ spring-boot-admin-docs ---
[INFO] Starting audit...
Audit done.
[INFO] You have 0 Checkstyle violations.
[INFO] 
[INFO] --- enforcer:3.6.2:enforce (enforce-maven) @ spring-boot-admin-docs ---
[INFO] 
[INFO] --- spring-javaformat:0.0.47:validate (default) @ spring-boot-admin-docs ---
[INFO] 
[INFO] --- build-helper:3.6.1:regex-property (generate-automatic-module-name) @ spring-boot-admin-docs ---
[INFO] 
[INFO] --- flatten:1.7.3:flatten (flatten) @ spring-boot-admin-docs ---
[INFO] Generating flattened POM of project de.codecentric:spring-boot-admin-docs:pom:3.5.8-SNAPSHOT...
[INFO] 
[INFO] --- source:3.4.0:jar-no-fork (attach-sources) @ spring-boot-admin-docs ---
[INFO] 
[INFO] --- javadoc:3.12.0:jar (attach-javadocs) @ spring-boot-admin-docs ---
[INFO] Not executing Javadoc as the project is not a Java classpath-capable package
[INFO] 
[INFO] --- install:3.1.4:install (default-install) @ spring-boot-admin-docs ---
[INFO] Installing /home/ubuntu/repos/spring-boot-admin/spring-boot-admin-docs/.flattened-pom.xml to /home/ubuntu/.m2/repository/de/codecentric/spring-boot-admin-docs/3.5.8-SNAPSHOT/spring-boot-admin-docs-3.5.8-SNAPSHOT.pom
[INFO] 
[INFO] -----------< de.codecentric:spring-boot-admin-server-cloud >------------
[INFO] Building Spring Boot Admin Server Cloud 3.5.8-SNAPSHOT            [8/19]
[INFO]   from spring-boot-admin-server-cloud/pom.xml
[INFO] --------------------------------[ jar ]---------------------------------
[INFO] 
[INFO] --- clean:3.5.0:clean (default-clean) @ spring-boot-admin-server-cloud ---
[INFO] Deleting /home/ubuntu/repos/spring-boot-admin/spring-boot-admin-server-cloud/target
[INFO] 
[INFO] --- checkstyle:3.6.0:check (checkstyle-validation) @ spring-boot-admin-server-cloud ---
[INFO] Starting audit...
Audit done.
[INFO] You have 0 Checkstyle violations.
[INFO] 
[INFO] --- enforcer:3.6.2:enforce (enforce-maven) @ spring-boot-admin-server-cloud ---
[INFO] 
[INFO] --- spring-javaformat:0.0.47:validate (default) @ spring-boot-admin-server-cloud ---
[INFO] 
[INFO] --- build-helper:3.6.1:regex-property (generate-automatic-module-name) @ spring-boot-admin-server-cloud ---
[INFO] 
[INFO] --- resources:3.4.0:resources (default-resources) @ spring-boot-admin-server-cloud ---
[INFO] Copying 2 resources from src/main/resources to target/classes
[INFO] 
[INFO] --- flatten:1.7.3:flatten (flatten) @ spring-boot-admin-server-cloud ---
[INFO] Generating flattened POM of project de.codecentric:spring-boot-admin-server-cloud:jar:3.5.8-SNAPSHOT...
[INFO] 
[INFO] --- compiler:3.15.0:compile (default-compile) @ spring-boot-admin-server-cloud ---
[INFO] Recompiling the module because of changed dependency.
[INFO] Compiling 8 source files with javac [debug parameters target 21] to target/classes
[INFO] 
[INFO] --- resources:3.4.0:testResources (default-testResources) @ spring-boot-admin-server-cloud ---
[INFO] Copying 2 resources from src/test/resources to target/test-classes
[INFO] 
[INFO] --- compiler:3.15.0:testCompile (default-testCompile) @ spring-boot-admin-server-cloud ---
[INFO] Recompiling the module because of changed dependency.
[INFO] Compiling 6 source files with javac [debug parameters target 21] to target/test-classes
[INFO] 
[INFO] --- surefire:3.5.4:test (default-test) @ spring-boot-admin-server-cloud ---
[INFO] Tests are skipped.
[INFO] 
[INFO] --- jar:3.5.0:jar (default-jar) @ spring-boot-admin-server-cloud ---
[INFO] Building jar: /home/ubuntu/repos/spring-boot-admin/spring-boot-admin-server-cloud/target/spring-boot-admin-server-cloud-3.5.8-SNAPSHOT.jar
[INFO] 
[INFO] --- source:3.4.0:jar-no-fork (attach-sources) @ spring-boot-admin-server-cloud ---
[INFO] Building jar: /home/ubuntu/repos/spring-boot-admin/spring-boot-admin-server-cloud/target/spring-boot-admin-server-cloud-3.5.8-SNAPSHOT-sources.jar
[INFO] 
[INFO] --- javadoc:3.12.0:jar (attach-javadocs) @ spring-boot-admin-server-cloud ---
[WARNING] Javadoc Warnings
[WARNING] /home/ubuntu/repos/spring-boot-admin/spring-boot-admin-server-cloud/src/main/java/de/codecentric/boot/admin/server/cloud/config/package-info.java:19: warning: no comment
[WARNING] package de.codecentric.boot.admin.server.cloud.config;
[WARNING] ^
[WARNING] /home/ubuntu/repos/spring-boot-admin/spring-boot-admin-server-cloud/src/main/java/de/codecentric/boot/admin/server/cloud/discovery/package-info.java:19: warning: no comment
[WARNING] package de.codecentric.boot.admin.server.cloud.discovery;
[WARNING] ^
[WARNING] /home/ubuntu/repos/spring-boot-admin/spring-boot-admin-server-cloud/src/main/java/de/codecentric/boot/admin/server/cloud/config/AdminServerDiscoveryAutoConfiguration.java:52: warning: no comment
[WARNING] public class AdminServerDiscoveryAutoConfiguration {
[WARNING] ^
[WARNING] /home/ubuntu/repos/spring-boot-admin/spring-boot-admin-server-cloud/src/main/java/de/codecentric/boot/admin/server/cloud/config/AdminServerDiscoveryAutoConfiguration.java:74: warning: no comment
[WARNING] public static class EurekaConverterConfiguration {
[WARNING] ^
[WARNING] /home/ubuntu/repos/spring-boot-admin/spring-boot-admin-server-cloud/src/main/java/de/codecentric/boot/admin/server/cloud/config/AdminServerDiscoveryAutoConfiguration.java:87: warning: no comment
[WARNING] public static class KubernetesConverterConfiguration {
[WARNING] ^
[WARNING] /home/ubuntu/repos/spring-boot-admin/spring-boot-admin-server-cloud/src/main/java/de/codecentric/boot/admin/server/cloud/config/AdminServerDiscoveryAutoConfiguration.java:52: warning: use of default constructor, which does not provide a comment
[WARNING] public class AdminServerDiscoveryAutoConfiguration {
[WARNING] ^
[WARNING] /home/ubuntu/repos/spring-boot-admin/spring-boot-admin-server-cloud/src/main/java/de/codecentric/boot/admin/server/cloud/config/AdminServerDiscoveryAutoConfiguration.java:57: warning: no comment
[WARNING] public InstanceDiscoveryListener instanceDiscoveryListener(ServiceInstanceConverter serviceInstanceConverter,
[WARNING] ^
[WARNING] /home/ubuntu/repos/spring-boot-admin/spring-boot-admin-server-cloud/src/main/java/de/codecentric/boot/admin/server/cloud/config/AdminServerDiscoveryAutoConfiguration.java:67: warning: no comment
[WARNING] public DefaultServiceInstanceConverter serviceInstanceConverter() {
[WARNING] ^
[WARNING] /home/ubuntu/repos/spring-boot-admin/spring-boot-admin-server-cloud/src/main/java/de/codecentric/boot/admin/server/cloud/config/AdminServerDiscoveryAutoConfiguration.java:74: warning: use of default constructor, which does not provide a comment
[WARNING] public static class EurekaConverterConfiguration {
[WARNING] ^
[WARNING] /home/ubuntu/repos/spring-boot-admin/spring-boot-admin-server-cloud/src/main/java/de/codecentric/boot/admin/server/cloud/config/AdminServerDiscoveryAutoConfiguration.java:78: warning: no comment
[WARNING] public EurekaServiceInstanceConverter serviceInstanceConverter() {
[WARNING] ^
[WARNING] /home/ubuntu/repos/spring-boot-admin/spring-boot-admin-server-cloud/src/main/java/de/codecentric/boot/admin/server/cloud/config/AdminServerDiscoveryAutoConfiguration.java:87: warning: use of default constructor, which does not provide a comment
[WARNING] public static class KubernetesConverterConfiguration {
[WARNING] ^
[WARNING] /home/ubuntu/repos/spring-boot-admin/spring-boot-admin-server-cloud/src/main/java/de/codecentric/boot/admin/server/cloud/config/AdminServerDiscoveryAutoConfiguration.java:91: warning: no comment
[WARNING] public KubernetesServiceInstanceConverter serviceInstanceConverter(
[WARNING] ^
[WARNING] /home/ubuntu/repos/spring-boot-admin/spring-boot-admin-server-cloud/src/main/java/de/codecentric/boot/admin/server/cloud/discovery/DefaultServiceInstanceConverter.java:45: warning: use of default constructor, which does not provide a comment
[WARNING] public class DefaultServiceInstanceConverter implements ServiceInstanceConverter {
[WARNING] ^
[WARNING] /home/ubuntu/repos/spring-boot-admin/spring-boot-admin-server-cloud/src/main/java/de/codecentric/boot/admin/server/cloud/discovery/DefaultServiceInstanceConverter.java:187: warning: no comment
[WARNING] public String getHealthEndpointPath() {
[WARNING] ^
[WARNING] /home/ubuntu/repos/spring-boot-admin/spring-boot-admin-server-cloud/src/main/java/de/codecentric/boot/admin/server/cloud/discovery/DefaultServiceInstanceConverter.java:106: warning: no comment
[WARNING] protected String getHealthPath(ServiceInstance instance) {
[WARNING] ^
[WARNING] /home/ubuntu/repos/spring-boot-admin/spring-boot-admin-server-cloud/src/main/java/de/codecentric/boot/admin/server/cloud/discovery/DefaultServiceInstanceConverter.java:98: warning: no comment
[WARNING] protected URI getHealthUrl(ServiceInstance instance) {
[WARNING] ^
[WARNING] /home/ubuntu/repos/spring-boot-admin/spring-boot-admin-server-cloud/src/main/java/de/codecentric/boot/admin/server/cloud/discovery/DefaultServiceInstanceConverter.java:179: warning: no comment
[WARNING] public String getManagementContextPath() {
[WARNING] ^
[WARNING] /home/ubuntu/repos/spring-boot-admin/spring-boot-admin-server-cloud/src/main/java/de/codecentric/boot/admin/server/cloud/discovery/DefaultServiceInstanceConverter.java:143: warning: no comment
[WARNING] protected String getManagementHost(ServiceInstance instance) {
[WARNING] ^
[WARNING] /home/ubuntu/repos/spring-boot-admin/spring-boot-admin-server-cloud/src/main/java/de/codecentric/boot/admin/server/cloud/discovery/DefaultServiceInstanceConverter.java:159: warning: no comment
[WARNING] protected String getManagementPath(ServiceInstance instance) {
[WARNING] ^
[WARNING] /home/ubuntu/repos/spring-boot-admin/spring-boot-admin-server-cloud/src/main/java/de/codecentric/boot/admin/server/cloud/discovery/DefaultServiceInstanceConverter.java:151: warning: no comment
[WARNING] protected int getManagementPort(ServiceInstance instance) {
[WARNING] ^
[WARNING] /home/ubuntu/repos/spring-boot-admin/spring-boot-admin-server-cloud/src/main/java/de/codecentric/boot/admin/server/cloud/discovery/DefaultServiceInstanceConverter.java:114: warning: no comment
[WARNING] protected URI getManagementUrl(ServiceInstance instance) {
[WARNING] ^
[WARNING] /home/ubuntu/repos/spring-boot-admin/spring-boot-admin-server-cloud/src/main/java/de/codecentric/boot/admin/server/cloud/discovery/DefaultServiceInstanceConverter.java:171: warning: no comment
[WARNING] protected Map<String, String> getMetadata(ServiceInstance instance) {
[WARNING] ^
[WARNING] /home/ubuntu/repos/spring-boot-admin/spring-boot-admin-server-cloud/src/main/java/de/codecentric/boot/admin/server/cloud/discovery/DefaultServiceInstanceConverter.java:71: warning: no comment
[WARNING] protected static @Nullable String getMetadataValue(ServiceInstance instance, String... keys) {
[WARNING] ^
[WARNING] /home/ubuntu/repos/spring-boot-admin/spring-boot-admin-server-cloud/src/main/java/de/codecentric/boot/admin/server/cloud/discovery/DefaultServiceInstanceConverter.java:167: warning: no comment
[WARNING] protected URI getServiceUrl(ServiceInstance instance) {
[WARNING] ^
[WARNING] /home/ubuntu/repos/spring-boot-admin/spring-boot-admin-server-cloud/src/main/java/de/codecentric/boot/admin/server/cloud/discovery/DefaultServiceInstanceConverter.java:191: warning: no comment
[WARNING] public void setHealthEndpointPath(String healthEndpointPath) {
[WARNING] ^
[WARNING] /home/ubuntu/repos/spring-boot-admin/spring-boot-admin-server-cloud/src/main/java/de/codecentric/boot/admin/server/cloud/discovery/DefaultServiceInstanceConverter.java:183: warning: no comment
[WARNING] public void setManagementContextPath(String managementContextPath) {
[WARNING] ^
[WARNING] /home/ubuntu/repos/spring-boot-admin/spring-boot-admin-server-cloud/src/main/java/de/codecentric/boot/admin/server/cloud/discovery/EurekaServiceInstanceConverter.java:33: warning: use of default constructor, which does not provide a comment
[WARNING] public class EurekaServiceInstanceConverter extends DefaultServiceInstanceConverter {
[WARNING] ^
[WARNING] /home/ubuntu/repos/spring-boot-admin/spring-boot-admin-server-cloud/src/main/java/de/codecentric/boot/admin/server/cloud/discovery/InstanceDiscoveryListener.java:92: warning: no comment
[WARNING] public InstanceDiscoveryListener(DiscoveryClient discoveryClient, InstanceRegistry registry,
[WARNING] ^
[WARNING] /home/ubuntu/repos/spring-boot-admin/spring-boot-admin-server-cloud/src/main/java/de/codecentric/boot/admin/server/cloud/discovery/InstanceDiscoveryListener.java:130: warning: no comment
[WARNING] protected void discover() {
[WARNING] ^
[WARNING] /home/ubuntu/repos/spring-boot-admin/spring-boot-admin-server-cloud/src/main/java/de/codecentric/boot/admin/server/cloud/discovery/InstanceDiscoveryListener.java:224: warning: no comment
[WARNING] public Map<String, String> getIgnoredInstancesMetadata() {
[WARNING] ^
[WARNING] /home/ubuntu/repos/spring-boot-admin/spring-boot-admin-server-cloud/src/main/java/de/codecentric/boot/admin/server/cloud/discovery/InstanceDiscoveryListener.java:204: warning: no comment
[WARNING] public Set<String> getIgnoredServices() {
[WARNING] ^
[WARNING] /home/ubuntu/repos/spring-boot-admin/spring-boot-admin-server-cloud/src/main/java/de/codecentric/boot/admin/server/cloud/discovery/InstanceDiscoveryListener.java:216: warning: no comment
[WARNING] public Map<String, String> getInstancesMetadata() {
[WARNING] ^
[WARNING] /home/ubuntu/repos/spring-boot-admin/spring-boot-admin-server-cloud/src/main/java/de/codecentric/boot/admin/server/cloud/discovery/InstanceDiscoveryListener.java:208: warning: no comment
[WARNING] public Set<String> getServices() {
[WARNING] ^
[WARNING] /home/ubuntu/repos/spring-boot-admin/spring-boot-admin-server-cloud/src/main/java/de/codecentric/boot/admin/server/cloud/discovery/InstanceDiscoveryListener.java:162: warning: no comment
[WARNING] protected boolean matchesPattern(String serviceId, Set<String> patterns) {
[WARNING] ^
[WARNING] /home/ubuntu/repos/spring-boot-admin/spring-boot-admin-server-cloud/src/main/java/de/codecentric/boot/admin/server/cloud/discovery/InstanceDiscoveryListener.java:120: warning: no comment
[WARNING] public void onApplicationEvent(HeartbeatEvent event) {
[WARNING] ^
[WARNING] /home/ubuntu/repos/spring-boot-admin/spring-boot-admin-server-cloud/src/main/java/de/codecentric/boot/admin/server/cloud/discovery/InstanceDiscoveryListener.java:100: warning: no comment
[WARNING] public void onApplicationReady(ApplicationReadyEvent event) {
[WARNING] ^
[WARNING] /home/ubuntu/repos/spring-boot-admin/spring-boot-admin-server-cloud/src/main/java/de/codecentric/boot/admin/server/cloud/discovery/InstanceDiscoveryListener.java:105: warning: no comment
[WARNING] public void onInstanceRegistered(InstanceRegisteredEvent<?> event) {
[WARNING] ^
[WARNING] /home/ubuntu/repos/spring-boot-admin/spring-boot-admin-server-cloud/src/main/java/de/codecentric/boot/admin/server/cloud/discovery/InstanceDiscoveryListener.java:115: warning: no comment
[WARNING] public void onParentHeartbeat(ParentHeartbeatEvent event) {
[WARNING] ^
[WARNING] /home/ubuntu/repos/spring-boot-admin/spring-boot-admin-server-cloud/src/main/java/de/codecentric/boot/admin/server/cloud/discovery/InstanceDiscoveryListener.java:110: warning: no comment
[WARNING] public void onRefreshInstances(RefreshInstancesEvent event) {
[WARNING] ^
[WARNING] /home/ubuntu/repos/spring-boot-admin/spring-boot-admin-server-cloud/src/main/java/de/codecentric/boot/admin/server/cloud/discovery/InstanceDiscoveryListener.java:177: warning: no comment
[WARNING] protected Mono<InstanceId> registerInstance(ServiceInstance instance) {
[WARNING] ^
[WARNING] /home/ubuntu/repos/spring-boot-admin/spring-boot-admin-server-cloud/src/main/java/de/codecentric/boot/admin/server/cloud/discovery/InstanceDiscoveryListener.java:143: warning: no comment
[WARNING] protected Mono<Void> removeStaleInstances(Set<InstanceId> registeredInstanceIds) {
[WARNING] ^
[WARNING] /home/ubuntu/repos/spring-boot-admin/spring-boot-admin-server-cloud/src/main/java/de/codecentric/boot/admin/server/cloud/discovery/InstanceDiscoveryListener.java:196: warning: no comment
[WARNING] public void setConverter(ServiceInstanceConverter converter) {
[WARNING] ^
[WARNING] /home/ubuntu/repos/spring-boot-admin/spring-boot-admin-server-cloud/src/main/java/de/codecentric/boot/admin/server/cloud/discovery/InstanceDiscoveryListener.java:228: warning: no comment
[WARNING] public void setIgnoredInstancesMetadata(Map<String, String> ignoredInstancesMetadata) {
[WARNING] ^
[WARNING] /home/ubuntu/repos/spring-boot-admin/spring-boot-admin-server-cloud/src/main/java/de/codecentric/boot/admin/server/cloud/discovery/InstanceDiscoveryListener.java:200: warning: no comment
[WARNING] public void setIgnoredServices(Set<String> ignoredServices) {
[WARNING] ^
[WARNING] /home/ubuntu/repos/spring-boot-admin/spring-boot-admin-server-cloud/src/main/java/de/codecentric/boot/admin/server/cloud/discovery/InstanceDiscoveryListener.java:220: warning: no comment
[WARNING] public void setInstancesMetadata(Map<String, String> instancesMetadata) {
[WARNING] ^
[WARNING] /home/ubuntu/repos/spring-boot-admin/spring-boot-admin-server-cloud/src/main/java/de/codecentric/boot/admin/server/cloud/discovery/InstanceDiscoveryListener.java:212: warning: no comment
[WARNING] public void setServices(Set<String> services) {
[WARNING] ^
[WARNING] /home/ubuntu/repos/spring-boot-admin/spring-boot-admin-server-cloud/src/main/java/de/codecentric/boot/admin/server/cloud/discovery/InstanceDiscoveryListener.java:167: warning: no comment
[WARNING] protected boolean shouldRegisterInstanceBasedOnMetadata(ServiceInstance instance) {
[WARNING] ^
[WARNING] /home/ubuntu/repos/spring-boot-admin/spring-boot-admin-server-cloud/src/main/java/de/codecentric/boot/admin/server/cloud/discovery/InstanceDiscoveryListener.java:154: warning: no comment
[WARNING] protected boolean shouldRegisterService(final String serviceId) {
[WARNING] ^
[WARNING] /home/ubuntu/repos/spring-boot-admin/spring-boot-admin-server-cloud/src/main/java/de/codecentric/boot/admin/server/cloud/discovery/InstanceDiscoveryListener.java:189: warning: no comment
[WARNING] protected String toString(ServiceInstance instance) {
[WARNING] ^
[WARNING] /home/ubuntu/repos/spring-boot-admin/spring-boot-admin-server-cloud/src/main/java/de/codecentric/boot/admin/server/cloud/discovery/KubernetesServiceInstanceConverter.java:24: warning: no comment
[WARNING] public class KubernetesServiceInstanceConverter extends DefaultServiceInstanceConverter {
[WARNING] ^
[WARNING] /home/ubuntu/repos/spring-boot-admin/spring-boot-admin-server-cloud/src/main/java/de/codecentric/boot/admin/server/cloud/discovery/KubernetesServiceInstanceConverter.java:26: warning: no comment
[WARNING] public static final String MANAGEMENT_PORT_NAME = "management";
[WARNING] ^
[WARNING] /home/ubuntu/repos/spring-boot-admin/spring-boot-admin-server-cloud/src/main/java/de/codecentric/boot/admin/server/cloud/discovery/KubernetesServiceInstanceConverter.java:30: warning: no comment
[WARNING] public KubernetesServiceInstanceConverter(KubernetesDiscoveryProperties discoveryProperties) {
[WARNING] ^
[WARNING] 52 warnings
[INFO] Building jar: /home/ubuntu/repos/spring-boot-admin/spring-boot-admin-server-cloud/target/spring-boot-admin-server-cloud-3.5.8-SNAPSHOT-javadoc.jar
[INFO] 
[INFO] --- install:3.1.4:install (default-install) @ spring-boot-admin-server-cloud ---
[INFO] Installing /home/ubuntu/repos/spring-boot-admin/spring-boot-admin-server-cloud/.flattened-pom.xml to /home/ubuntu/.m2/repository/de/codecentric/spring-boot-admin-server-cloud/3.5.8-SNAPSHOT/spring-boot-admin-server-cloud-3.5.8-SNAPSHOT.pom
[INFO] Installing /home/ubuntu/repos/spring-boot-admin/spring-boot-admin-server-cloud/target/spring-boot-admin-server-cloud-3.5.8-SNAPSHOT.jar to /home/ubuntu/.m2/repository/de/codecentric/spring-boot-admin-server-cloud/3.5.8-SNAPSHOT/spring-boot-admin-server-cloud-3.5.8-SNAPSHOT.jar
[INFO] Installing /home/ubuntu/repos/spring-boot-admin/spring-boot-admin-server-cloud/target/spring-boot-admin-server-cloud-3.5.8-SNAPSHOT-sources.jar to /home/ubuntu/.m2/repository/de/codecentric/spring-boot-admin-server-cloud/3.5.8-SNAPSHOT/spring-boot-admin-server-cloud-3.5.8-SNAPSHOT-sources.jar
[INFO] Installing /home/ubuntu/repos/spring-boot-admin/spring-boot-admin-server-cloud/target/spring-boot-admin-server-cloud-3.5.8-SNAPSHOT-javadoc.jar to /home/ubuntu/.m2/repository/de/codecentric/spring-boot-admin-server-cloud/3.5.8-SNAPSHOT/spring-boot-admin-server-cloud-3.5.8-SNAPSHOT-javadoc.jar
[INFO] 
[INFO] ----------< de.codecentric:spring-boot-admin-starter-server >-----------
[INFO] Building Spring Boot Admin Server Starter 3.5.8-SNAPSHOT          [9/19]
[INFO]   from spring-boot-admin-starter-server/pom.xml
[INFO] --------------------------------[ jar ]---------------------------------
[INFO] 
[INFO] --- clean:3.5.0:clean (default-clean) @ spring-boot-admin-starter-server ---
[INFO] Deleting /home/ubuntu/repos/spring-boot-admin/spring-boot-admin-starter-server/target
[INFO] 
[INFO] --- checkstyle:3.6.0:check (checkstyle-validation) @ spring-boot-admin-starter-server ---
[INFO] Starting audit...
Audit done.
[INFO] You have 0 Checkstyle violations.
[INFO] 
[INFO] --- enforcer:3.6.2:enforce (enforce-maven) @ spring-boot-admin-starter-server ---
[INFO] 
[INFO] --- spring-javaformat:0.0.47:validate (default) @ spring-boot-admin-starter-server ---
[INFO] 
[INFO] --- build-helper:3.6.1:regex-property (generate-automatic-module-name) @ spring-boot-admin-starter-server ---
[INFO] 
[INFO] --- resources:3.4.0:resources (default-resources) @ spring-boot-admin-starter-server ---
[INFO] skip non existing resourceDirectory /home/ubuntu/repos/spring-boot-admin/spring-boot-admin-starter-server/src/main/resources
[INFO] 
[INFO] --- flatten:1.7.3:flatten (flatten) @ spring-boot-admin-starter-server ---
[INFO] Generating flattened POM of project de.codecentric:spring-boot-admin-starter-server:jar:3.5.8-SNAPSHOT...
[INFO] 
[INFO] --- compiler:3.15.0:compile (default-compile) @ spring-boot-admin-starter-server ---
[INFO] No sources to compile
[INFO] 
[INFO] --- resources:3.4.0:testResources (default-testResources) @ spring-boot-admin-starter-server ---
[INFO] skip non existing resourceDirectory /home/ubuntu/repos/spring-boot-admin/spring-boot-admin-starter-server/src/test/resources
[INFO] 
[INFO] --- compiler:3.15.0:testCompile (default-testCompile) @ spring-boot-admin-starter-server ---
[INFO] No sources to compile
[INFO] 
[INFO] --- surefire:3.5.4:test (default-test) @ spring-boot-admin-starter-server ---
[INFO] Tests are skipped.
[INFO] 
[INFO] --- jar:3.5.0:jar (default-jar) @ spring-boot-admin-starter-server ---
[WARNING] JAR will be empty - no content was marked for inclusion!
[INFO] Building jar: /home/ubuntu/repos/spring-boot-admin/spring-boot-admin-starter-server/target/spring-boot-admin-starter-server-3.5.8-SNAPSHOT.jar
[INFO] 
[INFO] --- source:3.4.0:jar-no-fork (attach-sources) @ spring-boot-admin-starter-server ---
[INFO] No sources in project. Archive not created.
[INFO] 
[INFO] --- javadoc:3.12.0:jar (attach-javadocs) @ spring-boot-admin-starter-server ---
[INFO] No Javadoc in project. Archive not created.
[INFO] 
[INFO] --- install:3.1.4:install (default-install) @ spring-boot-admin-starter-server ---
[INFO] Installing /home/ubuntu/repos/spring-boot-admin/spring-boot-admin-starter-server/.flattened-pom.xml to /home/ubuntu/.m2/repository/de/codecentric/spring-boot-admin-starter-server/3.5.8-SNAPSHOT/spring-boot-admin-starter-server-3.5.8-SNAPSHOT.pom
[INFO] Installing /home/ubuntu/repos/spring-boot-admin/spring-boot-admin-starter-server/target/spring-boot-admin-starter-server-3.5.8-SNAPSHOT.jar to /home/ubuntu/.m2/repository/de/codecentric/spring-boot-admin-starter-server/3.5.8-SNAPSHOT/spring-boot-admin-starter-server-3.5.8-SNAPSHOT.jar
[INFO] 
[INFO] ----------< de.codecentric:spring-boot-admin-starter-client >-----------
[INFO] Building Spring Boot Admin Client Starter 3.5.8-SNAPSHOT         [10/19]
[INFO]   from spring-boot-admin-starter-client/pom.xml
[INFO] --------------------------------[ jar ]---------------------------------
[INFO] 
[INFO] --- clean:3.5.0:clean (default-clean) @ spring-boot-admin-starter-client ---
[INFO] Deleting /home/ubuntu/repos/spring-boot-admin/spring-boot-admin-starter-client/target
[INFO] 
[INFO] --- checkstyle:3.6.0:check (checkstyle-validation) @ spring-boot-admin-starter-client ---
[INFO] Starting audit...
Audit done.
[INFO] You have 0 Checkstyle violations.
[INFO] 
[INFO] --- enforcer:3.6.2:enforce (enforce-maven) @ spring-boot-admin-starter-client ---
[INFO] 
[INFO] --- spring-javaformat:0.0.47:validate (default) @ spring-boot-admin-starter-client ---
[INFO] 
[INFO] --- build-helper:3.6.1:regex-property (generate-automatic-module-name) @ spring-boot-admin-starter-client ---
[INFO] 
[INFO] --- resources:3.4.0:resources (default-resources) @ spring-boot-admin-starter-client ---
[INFO] skip non existing resourceDirectory /home/ubuntu/repos/spring-boot-admin/spring-boot-admin-starter-client/src/main/resources
[INFO] 
[INFO] --- flatten:1.7.3:flatten (flatten) @ spring-boot-admin-starter-client ---
[INFO] Generating flattened POM of project de.codecentric:spring-boot-admin-starter-client:jar:3.5.8-SNAPSHOT...
[INFO] 
[INFO] --- compiler:3.15.0:compile (default-compile) @ spring-boot-admin-starter-client ---
[INFO] No sources to compile
[INFO] 
[INFO] --- resources:3.4.0:testResources (default-testResources) @ spring-boot-admin-starter-client ---
[INFO] skip non existing resourceDirectory /home/ubuntu/repos/spring-boot-admin/spring-boot-admin-starter-client/src/test/resources
[INFO] 
[INFO] --- compiler:3.15.0:testCompile (default-testCompile) @ spring-boot-admin-starter-client ---
[INFO] No sources to compile
[INFO] 
[INFO] --- surefire:3.5.4:test (default-test) @ spring-boot-admin-starter-client ---
[INFO] Tests are skipped.
[INFO] 
[INFO] --- jar:3.5.0:jar (default-jar) @ spring-boot-admin-starter-client ---
[WARNING] JAR will be empty - no content was marked for inclusion!
[INFO] Building jar: /home/ubuntu/repos/spring-boot-admin/spring-boot-admin-starter-client/target/spring-boot-admin-starter-client-3.5.8-SNAPSHOT.jar
[INFO] 
[INFO] --- source:3.4.0:jar-no-fork (attach-sources) @ spring-boot-admin-starter-client ---
[INFO] No sources in project. Archive not created.
[INFO] 
[INFO] --- javadoc:3.12.0:jar (attach-javadocs) @ spring-boot-admin-starter-client ---
[INFO] No Javadoc in project. Archive not created.
[INFO] 
[INFO] --- install:3.1.4:install (default-install) @ spring-boot-admin-starter-client ---
[INFO] Installing /home/ubuntu/repos/spring-boot-admin/spring-boot-admin-starter-client/.flattened-pom.xml to /home/ubuntu/.m2/repository/de/codecentric/spring-boot-admin-starter-client/3.5.8-SNAPSHOT/spring-boot-admin-starter-client-3.5.8-SNAPSHOT.pom
[INFO] Installing /home/ubuntu/repos/spring-boot-admin/spring-boot-admin-starter-client/target/spring-boot-admin-starter-client-3.5.8-SNAPSHOT.jar to /home/ubuntu/.m2/repository/de/codecentric/spring-boot-admin-starter-client/3.5.8-SNAPSHOT/spring-boot-admin-starter-client-3.5.8-SNAPSHOT.jar
[INFO] 
[INFO] --------------< de.codecentric:spring-boot-admin-samples >--------------
[INFO] Building Spring Boot Admin Samples 3.5.8-SNAPSHOT                [11/19]
[INFO]   from spring-boot-admin-samples/pom.xml
[INFO] --------------------------------[ pom ]---------------------------------
[INFO] 
[INFO] --- clean:3.5.0:clean (default-clean) @ spring-boot-admin-samples ---
[INFO] Deleting /home/ubuntu/repos/spring-boot-admin/spring-boot-admin-samples/target
[INFO] 
[INFO] --- checkstyle:3.6.0:check (checkstyle-validation) @ spring-boot-admin-samples ---
[INFO] Starting audit...
Audit done.
[INFO] You have 0 Checkstyle violations.
[INFO] 
[INFO] --- enforcer:3.6.2:enforce (enforce-maven) @ spring-boot-admin-samples ---
[INFO] 
[INFO] --- spring-javaformat:0.0.47:validate (default) @ spring-boot-admin-samples ---
[INFO] 
[INFO] --- build-helper:3.6.1:regex-property (generate-automatic-module-name) @ spring-boot-admin-samples ---
[INFO] 
[INFO] --- flatten:1.7.3:flatten (flatten) @ spring-boot-admin-samples ---
[INFO] Generating flattened POM of project de.codecentric:spring-boot-admin-samples:pom:3.5.8-SNAPSHOT...
[INFO] 
[INFO] --- source:3.4.0:jar-no-fork (attach-sources) @ spring-boot-admin-samples ---
[INFO] 
[INFO] --- javadoc:3.12.0:jar (attach-javadocs) @ spring-boot-admin-samples ---
[INFO] Not executing Javadoc as the project is not a Java classpath-capable package
[INFO] 
[INFO] --- install:3.1.4:install (default-install) @ spring-boot-admin-samples ---
[INFO] Installing /home/ubuntu/repos/spring-boot-admin/spring-boot-admin-samples/.flattened-pom.xml to /home/ubuntu/.m2/repository/de/codecentric/spring-boot-admin-samples/3.5.8-SNAPSHOT/spring-boot-admin-samples-3.5.8-SNAPSHOT.pom
[INFO] 
[INFO] ---------< de.codecentric:spring-boot-admin-sample-custom-ui >----------
[INFO] Building Spring Boot Admin Server custom UI 3.5.8-SNAPSHOT       [12/19]
[INFO]   from spring-boot-admin-samples/spring-boot-admin-sample-custom-ui/pom.xml
[INFO] --------------------------------[ jar ]---------------------------------
[INFO] 
[INFO] --- clean:3.5.0:clean (default-clean) @ spring-boot-admin-sample-custom-ui ---
[INFO] Deleting /home/ubuntu/repos/spring-boot-admin/spring-boot-admin-samples/spring-boot-admin-sample-custom-ui/target
[INFO] 
[INFO] --- checkstyle:3.6.0:check (checkstyle-validation) @ spring-boot-admin-sample-custom-ui ---
[INFO] Starting audit...
Audit done.
[INFO] You have 0 Checkstyle violations.
[INFO] 
[INFO] --- enforcer:3.6.2:enforce (enforce-maven) @ spring-boot-admin-sample-custom-ui ---
[INFO] 
[INFO] --- spring-javaformat:0.0.47:validate (default) @ spring-boot-admin-sample-custom-ui ---
[INFO] 
[INFO] --- build-helper:3.6.1:regex-property (generate-automatic-module-name) @ spring-boot-admin-sample-custom-ui ---
[INFO] 
[INFO] --- frontend:2.0.0:install-node-and-npm (install-node-and-npm) @ spring-boot-admin-sample-custom-ui ---
[INFO] Node v22.12.0 is already installed.
[INFO] 
[INFO] --- frontend:2.0.0:npm (npm-install) @ spring-boot-admin-sample-custom-ui ---
[INFO] Running 'npm ci --prefer-offline --no-progress --no-audit --silent' in /home/ubuntu/repos/spring-boot-admin/spring-boot-admin-samples/spring-boot-admin-sample-custom-ui
[INFO] 
[INFO] --- frontend:2.0.0:npm (npm-build) @ spring-boot-admin-sample-custom-ui ---
[INFO] Running 'npm run build' in /home/ubuntu/repos/spring-boot-admin/spring-boot-admin-samples/spring-boot-admin-sample-custom-ui
[INFO] 
[INFO] > spring-boot-admin-sample-custom-ui@0.0.0 build
[INFO] > vite build
[INFO] 
[INFO] vite v7.3.1 building client environment for production...
[INFO] transforming...
[INFO] ✓ 9 modules transformed.
[INFO] rendering chunks...
[INFO] computing gzip size...
[INFO] target/dist/spring-boot-admin-sample-custom-ui.css  0.21 kB │ gzip: 0.15 kB
[INFO] target/dist/custom-ui.js                            8.64 kB │ gzip: 2.54 kB │ map: 12.45 kB
[INFO] [vite-plugin-static-copy] Copied 1 items.
[INFO] ✓ built in 184ms
[INFO] 
[INFO] --- resources:3.4.0:resources (default-resources) @ spring-boot-admin-sample-custom-ui ---
[INFO] skip non existing resourceDirectory /home/ubuntu/repos/spring-boot-admin/spring-boot-admin-samples/spring-boot-admin-sample-custom-ui/src/main/resources
[INFO] skip non existing resourceDirectory /home/ubuntu/repos/spring-boot-admin/spring-boot-admin-samples/spring-boot-admin-sample-custom-ui/src/main/resources
[INFO] 
[INFO] --- flatten:1.7.3:flatten (flatten) @ spring-boot-admin-sample-custom-ui ---
[INFO] Generating flattened POM of project de.codecentric:spring-boot-admin-sample-custom-ui:jar:3.5.8-SNAPSHOT...
[INFO] 
[INFO] --- resources:3.4.0:copy-resources (copy-resources) @ spring-boot-admin-sample-custom-ui ---
[INFO] Copying 4 resources from target/dist to target/classes/META-INF/spring-boot-admin-server-ui/extensions/custom
[INFO] 
[INFO] --- compiler:3.15.0:compile (default-compile) @ spring-boot-admin-sample-custom-ui ---
[INFO] No sources to compile
[INFO] 
[INFO] --- resources:3.4.0:testResources (default-testResources) @ spring-boot-admin-sample-custom-ui ---
[INFO] skip non existing resourceDirectory /home/ubuntu/repos/spring-boot-admin/spring-boot-admin-samples/spring-boot-admin-sample-custom-ui/src/test/resources
[INFO] 
[INFO] --- compiler:3.15.0:testCompile (default-testCompile) @ spring-boot-admin-sample-custom-ui ---
[INFO] No sources to compile
[INFO] 
[INFO] --- surefire:3.5.4:test (default-test) @ spring-boot-admin-sample-custom-ui ---
[INFO] Tests are skipped.
[INFO] 
[INFO] --- jar:3.5.0:jar (default-jar) @ spring-boot-admin-sample-custom-ui ---
[INFO] Building jar: /home/ubuntu/repos/spring-boot-admin/spring-boot-admin-samples/spring-boot-admin-sample-custom-ui/target/spring-boot-admin-sample-custom-ui-3.5.8-SNAPSHOT.jar
[INFO] 
[INFO] --- source:3.4.0:jar-no-fork (attach-sources) @ spring-boot-admin-sample-custom-ui ---
[INFO] No sources in project. Archive not created.
[INFO] 
[INFO] --- javadoc:3.12.0:jar (attach-javadocs) @ spring-boot-admin-sample-custom-ui ---
[INFO] No Javadoc in project. Archive not created.
[INFO] 
[INFO] --- install:3.1.4:install (default-install) @ spring-boot-admin-sample-custom-ui ---
[INFO] Installing /home/ubuntu/repos/spring-boot-admin/spring-boot-admin-samples/spring-boot-admin-sample-custom-ui/.flattened-pom.xml to /home/ubuntu/.m2/repository/de/codecentric/spring-boot-admin-sample-custom-ui/3.5.8-SNAPSHOT/spring-boot-admin-sample-custom-ui-3.5.8-SNAPSHOT.pom
[INFO] Installing /home/ubuntu/repos/spring-boot-admin/spring-boot-admin-samples/spring-boot-admin-sample-custom-ui/target/spring-boot-admin-sample-custom-ui-3.5.8-SNAPSHOT.jar to /home/ubuntu/.m2/repository/de/codecentric/spring-boot-admin-sample-custom-ui/3.5.8-SNAPSHOT/spring-boot-admin-sample-custom-ui-3.5.8-SNAPSHOT.jar
[INFO] 
[INFO] ----------< de.codecentric:spring-boot-admin-sample-servlet >-----------
[INFO] Building Spring Boot Admin Sample Servlet 3.5.8-SNAPSHOT         [13/19]
[INFO]   from spring-boot-admin-samples/spring-boot-admin-sample-servlet/pom.xml
[INFO] --------------------------------[ jar ]---------------------------------
[INFO] 
[INFO] --- clean:3.5.0:clean (default-clean) @ spring-boot-admin-sample-servlet ---
[INFO] Deleting /home/ubuntu/repos/spring-boot-admin/spring-boot-admin-samples/spring-boot-admin-sample-servlet/target
[INFO] 
[INFO] --- checkstyle:3.6.0:check (checkstyle-validation) @ spring-boot-admin-sample-servlet ---
[INFO] Starting audit...
Audit done.
[INFO] You have 0 Checkstyle violations.
[INFO] 
[INFO] --- enforcer:3.6.2:enforce (enforce-maven) @ spring-boot-admin-sample-servlet ---
[INFO] 
[INFO] --- spring-javaformat:0.0.47:validate (default) @ spring-boot-admin-sample-servlet ---
[INFO] 
[INFO] --- build-helper:3.6.1:regex-property (generate-automatic-module-name) @ spring-boot-admin-sample-servlet ---
[INFO] 
[INFO] --- cyclonedx:2.9.1:makeAggregateBom (default) @ spring-boot-admin-sample-servlet ---
[INFO] CycloneDX: Resolving Dependencies
[INFO] CycloneDX: Creating BOM version 1.6 with 115 component(s)
[INFO] CycloneDX: Writing and validating BOM (JSON): /home/ubuntu/repos/spring-boot-admin/spring-boot-admin-samples/spring-boot-admin-sample-servlet/target/classes/bom.json
[WARNING] Unknown keyword meta:enum - you should define your own Meta Schema. If the keyword is irrelevant for validation, just use a NonValidationKeyword or if it should generate annotations AnnotationKeyword
[WARNING] Unknown keyword deprecated - you should define your own Meta Schema. If the keyword is irrelevant for validation, just use a NonValidationKeyword or if it should generate annotations AnnotationKeyword
[INFO] 
[INFO] --- spring-boot:3.5.10:build-info (default) @ spring-boot-admin-sample-servlet ---
[INFO] 
[INFO] --- resources:3.4.0:resources (default-resources) @ spring-boot-admin-sample-servlet ---
[INFO] Copying 5 resources from src/main/resources to target/classes
[INFO] Copying 0 resource from src/main/resources to target/classes
[INFO] 
[INFO] --- flatten:1.7.3:flatten (flatten) @ spring-boot-admin-sample-servlet ---
[INFO] Generating flattened POM of project de.codecentric:spring-boot-admin-sample-servlet:jar:3.5.8-SNAPSHOT...
[INFO] 
[INFO] --- compiler:3.15.0:compile (default-compile) @ spring-boot-admin-sample-servlet ---
[INFO] Recompiling the module because of changed dependency.
[INFO] Compiling 7 source files with javac [debug parameters target 21] to target/classes
[INFO] 
[INFO] --- resources:3.4.0:testResources (default-testResources) @ spring-boot-admin-sample-servlet ---
[INFO] skip non existing resourceDirectory /home/ubuntu/repos/spring-boot-admin/spring-boot-admin-samples/spring-boot-admin-sample-servlet/src/test/resources
[INFO] 
[INFO] --- compiler:3.15.0:testCompile (default-testCompile) @ spring-boot-admin-sample-servlet ---
[INFO] Recompiling the module because of changed dependency.
[INFO] Compiling 1 source file with javac [debug parameters target 21] to target/test-classes
[INFO] 
[INFO] --- surefire:3.5.4:test (default-test) @ spring-boot-admin-sample-servlet ---
[INFO] Tests are skipped.
[INFO] 
[INFO] --- jar:3.5.0:jar (default-jar) @ spring-boot-admin-sample-servlet ---
[INFO] Building jar: /home/ubuntu/repos/spring-boot-admin/spring-boot-admin-samples/spring-boot-admin-sample-servlet/target/spring-boot-admin-sample-servlet.jar
[INFO] 
[INFO] --- source:3.4.0:jar-no-fork (attach-sources) @ spring-boot-admin-sample-servlet ---
[INFO] Building jar: /home/ubuntu/repos/spring-boot-admin/spring-boot-admin-samples/spring-boot-admin-sample-servlet/target/spring-boot-admin-sample-servlet-sources.jar
[INFO] 
[INFO] --- javadoc:3.12.0:jar (attach-javadocs) @ spring-boot-admin-sample-servlet ---
[INFO] Building jar: /home/ubuntu/repos/spring-boot-admin/spring-boot-admin-samples/spring-boot-admin-sample-servlet/target/spring-boot-admin-sample-servlet-javadoc.jar
[INFO] 
[INFO] --- spring-boot:3.5.10:repackage (default) @ spring-boot-admin-sample-servlet ---
[INFO] Replacing main artifact /home/ubuntu/repos/spring-boot-admin/spring-boot-admin-samples/spring-boot-admin-sample-servlet/target/spring-boot-admin-sample-servlet.jar with repackaged archive, adding nested dependencies in BOOT-INF/.
[INFO] The original artifact has been renamed to /home/ubuntu/repos/spring-boot-admin/spring-boot-admin-samples/spring-boot-admin-sample-servlet/target/spring-boot-admin-sample-servlet.jar.original
[INFO] 
[INFO] --- install:3.1.4:install (default-install) @ spring-boot-admin-sample-servlet ---
[INFO] Installing /home/ubuntu/repos/spring-boot-admin/spring-boot-admin-samples/spring-boot-admin-sample-servlet/.flattened-pom.xml to /home/ubuntu/.m2/repository/de/codecentric/spring-boot-admin-sample-servlet/3.5.8-SNAPSHOT/spring-boot-admin-sample-servlet-3.5.8-SNAPSHOT.pom
[INFO] Installing /home/ubuntu/repos/spring-boot-admin/spring-boot-admin-samples/spring-boot-admin-sample-servlet/target/spring-boot-admin-sample-servlet.jar to /home/ubuntu/.m2/repository/de/codecentric/spring-boot-admin-sample-servlet/3.5.8-SNAPSHOT/spring-boot-admin-sample-servlet-3.5.8-SNAPSHOT.jar
[INFO] Installing /home/ubuntu/repos/spring-boot-admin/spring-boot-admin-samples/spring-boot-admin-sample-servlet/target/spring-boot-admin-sample-servlet-sources.jar to /home/ubuntu/.m2/repository/de/codecentric/spring-boot-admin-sample-servlet/3.5.8-SNAPSHOT/spring-boot-admin-sample-servlet-3.5.8-SNAPSHOT-sources.jar
[INFO] Installing /home/ubuntu/repos/spring-boot-admin/spring-boot-admin-samples/spring-boot-admin-sample-servlet/target/spring-boot-admin-sample-servlet-javadoc.jar to /home/ubuntu/.m2/repository/de/codecentric/spring-boot-admin-sample-servlet/3.5.8-SNAPSHOT/spring-boot-admin-sample-servlet-3.5.8-SNAPSHOT-javadoc.jar
[INFO] 
[INFO] ----------< de.codecentric:spring-boot-admin-sample-reactive >----------
[INFO] Building Spring Boot Admin Sample Reactive 3.5.8-SNAPSHOT        [14/19]
[INFO]   from spring-boot-admin-samples/spring-boot-admin-sample-reactive/pom.xml
[INFO] --------------------------------[ jar ]---------------------------------
[INFO] 
[INFO] --- clean:3.5.0:clean (default-clean) @ spring-boot-admin-sample-reactive ---
[INFO] Deleting /home/ubuntu/repos/spring-boot-admin/spring-boot-admin-samples/spring-boot-admin-sample-reactive/target
[INFO] 
[INFO] --- checkstyle:3.6.0:check (checkstyle-validation) @ spring-boot-admin-sample-reactive ---
[INFO] Starting audit...
Audit done.
[INFO] You have 0 Checkstyle violations.
[INFO] 
[INFO] --- enforcer:3.6.2:enforce (enforce-maven) @ spring-boot-admin-sample-reactive ---
[INFO] 
[INFO] --- spring-javaformat:0.0.47:validate (default) @ spring-boot-admin-sample-reactive ---
[INFO] 
[INFO] --- build-helper:3.6.1:regex-property (generate-automatic-module-name) @ spring-boot-admin-sample-reactive ---
[INFO] 
[INFO] --- spring-boot:3.5.10:build-info (default) @ spring-boot-admin-sample-reactive ---
[INFO] 
[INFO] --- resources:3.4.0:resources (default-resources) @ spring-boot-admin-sample-reactive ---
[INFO] Copying 4 resources from src/main/resources to target/classes
[INFO] Copying 0 resource from src/main/resources to target/classes
[INFO] 
[INFO] --- flatten:1.7.3:flatten (flatten) @ spring-boot-admin-sample-reactive ---
[INFO] Generating flattened POM of project de.codecentric:spring-boot-admin-sample-reactive:jar:3.5.8-SNAPSHOT...
[INFO] 
[INFO] --- compiler:3.15.0:compile (default-compile) @ spring-boot-admin-sample-reactive ---
[INFO] Recompiling the module because of changed dependency.
[INFO] Compiling 1 source file with javac [debug parameters target 21] to target/classes
[INFO] 
[INFO] --- resources:3.4.0:testResources (default-testResources) @ spring-boot-admin-sample-reactive ---
[INFO] skip non existing resourceDirectory /home/ubuntu/repos/spring-boot-admin/spring-boot-admin-samples/spring-boot-admin-sample-reactive/src/test/resources
[INFO] 
[INFO] --- compiler:3.15.0:testCompile (default-testCompile) @ spring-boot-admin-sample-reactive ---
[INFO] Recompiling the module because of changed dependency.
[INFO] Compiling 1 source file with javac [debug parameters target 21] to target/test-classes
[INFO] 
[INFO] --- surefire:3.5.4:test (default-test) @ spring-boot-admin-sample-reactive ---
[INFO] Tests are skipped.
[INFO] 
[INFO] --- jar:3.5.0:jar (default-jar) @ spring-boot-admin-sample-reactive ---
[INFO] Building jar: /home/ubuntu/repos/spring-boot-admin/spring-boot-admin-samples/spring-boot-admin-sample-reactive/target/spring-boot-admin-sample-reactive.jar
[INFO] 
[INFO] --- source:3.4.0:jar-no-fork (attach-sources) @ spring-boot-admin-sample-reactive ---
[INFO] Building jar: /home/ubuntu/repos/spring-boot-admin/spring-boot-admin-samples/spring-boot-admin-sample-reactive/target/spring-boot-admin-sample-reactive-sources.jar
[INFO] 
[INFO] --- javadoc:3.12.0:jar (attach-javadocs) @ spring-boot-admin-sample-reactive ---
[INFO] Building jar: /home/ubuntu/repos/spring-boot-admin/spring-boot-admin-samples/spring-boot-admin-sample-reactive/target/spring-boot-admin-sample-reactive-javadoc.jar
[INFO] 
[INFO] --- spring-boot:3.5.10:repackage (default) @ spring-boot-admin-sample-reactive ---
[INFO] Replacing main artifact /home/ubuntu/repos/spring-boot-admin/spring-boot-admin-samples/spring-boot-admin-sample-reactive/target/spring-boot-admin-sample-reactive.jar with repackaged archive, adding nested dependencies in BOOT-INF/.
[INFO] The original artifact has been renamed to /home/ubuntu/repos/spring-boot-admin/spring-boot-admin-samples/spring-boot-admin-sample-reactive/target/spring-boot-admin-sample-reactive.jar.original
[INFO] 
[INFO] --- install:3.1.4:install (default-install) @ spring-boot-admin-sample-reactive ---
[INFO] Installing /home/ubuntu/repos/spring-boot-admin/spring-boot-admin-samples/spring-boot-admin-sample-reactive/.flattened-pom.xml to /home/ubuntu/.m2/repository/de/codecentric/spring-boot-admin-sample-reactive/3.5.8-SNAPSHOT/spring-boot-admin-sample-reactive-3.5.8-SNAPSHOT.pom
[INFO] Installing /home/ubuntu/repos/spring-boot-admin/spring-boot-admin-samples/spring-boot-admin-sample-reactive/target/spring-boot-admin-sample-reactive.jar to /home/ubuntu/.m2/repository/de/codecentric/spring-boot-admin-sample-reactive/3.5.8-SNAPSHOT/spring-boot-admin-sample-reactive-3.5.8-SNAPSHOT.jar
[INFO] Installing /home/ubuntu/repos/spring-boot-admin/spring-boot-admin-samples/spring-boot-admin-sample-reactive/target/spring-boot-admin-sample-reactive-sources.jar to /home/ubuntu/.m2/repository/de/codecentric/spring-boot-admin-sample-reactive/3.5.8-SNAPSHOT/spring-boot-admin-sample-reactive-3.5.8-SNAPSHOT-sources.jar
[INFO] Installing /home/ubuntu/repos/spring-boot-admin/spring-boot-admin-samples/spring-boot-admin-sample-reactive/target/spring-boot-admin-sample-reactive-javadoc.jar to /home/ubuntu/.m2/repository/de/codecentric/spring-boot-admin-sample-reactive/3.5.8-SNAPSHOT/spring-boot-admin-sample-reactive-3.5.8-SNAPSHOT-javadoc.jar
[INFO] 
[INFO] ------------< de.codecentric:spring-boot-admin-sample-war >-------------
[INFO] Building Spring Boot Admin Sample War 3.5.8-SNAPSHOT             [15/19]
[INFO]   from spring-boot-admin-samples/spring-boot-admin-sample-war/pom.xml
[INFO] --------------------------------[ war ]---------------------------------
[INFO] 
[INFO] --- clean:3.5.0:clean (default-clean) @ spring-boot-admin-sample-war ---
[INFO] Deleting /home/ubuntu/repos/spring-boot-admin/spring-boot-admin-samples/spring-boot-admin-sample-war/target
[INFO] 
[INFO] --- checkstyle:3.6.0:check (checkstyle-validation) @ spring-boot-admin-sample-war ---
[INFO] Starting audit...
Audit done.
[INFO] You have 0 Checkstyle violations.
[INFO] 
[INFO] --- enforcer:3.6.2:enforce (enforce-maven) @ spring-boot-admin-sample-war ---
[INFO] 
[INFO] --- spring-javaformat:0.0.47:validate (default) @ spring-boot-admin-sample-war ---
[INFO] 
[INFO] --- build-helper:3.6.1:regex-property (generate-automatic-module-name) @ spring-boot-admin-sample-war ---
[INFO] 
[INFO] --- spring-boot:3.5.10:build-info (default) @ spring-boot-admin-sample-war ---
[INFO] 
[INFO] --- resources:3.4.0:resources (default-resources) @ spring-boot-admin-sample-war ---
[INFO] Copying 4 resources from src/main/resources to target/classes
[INFO] Copying 0 resource from src/main/resources to target/classes
[INFO] 
[INFO] --- flatten:1.7.3:flatten (flatten) @ spring-boot-admin-sample-war ---
[INFO] Generating flattened POM of project de.codecentric:spring-boot-admin-sample-war:war:3.5.8-SNAPSHOT...
[INFO] 
[INFO] --- compiler:3.15.0:compile (default-compile) @ spring-boot-admin-sample-war ---
[INFO] Recompiling the module because of changed dependency.
[INFO] Compiling 1 source file with javac [debug parameters target 21] to target/classes
[INFO] 
[INFO] --- resources:3.4.0:testResources (default-testResources) @ spring-boot-admin-sample-war ---
[INFO] skip non existing resourceDirectory /home/ubuntu/repos/spring-boot-admin/spring-boot-admin-samples/spring-boot-admin-sample-war/src/test/resources
[INFO] 
[INFO] --- compiler:3.15.0:testCompile (default-testCompile) @ spring-boot-admin-sample-war ---
[INFO] No sources to compile
[INFO] 
[INFO] --- surefire:3.5.4:test (default-test) @ spring-boot-admin-sample-war ---
[INFO] Tests are skipped.
[INFO] 
[INFO] --- war:3.5.1:war (default-war) @ spring-boot-admin-sample-war ---
[INFO] Packaging webapp
[INFO] Assembling webapp [spring-boot-admin-sample-war] in [/home/ubuntu/repos/spring-boot-admin/spring-boot-admin-samples/spring-boot-admin-sample-war/target/spring-boot-admin-sample-war]
[INFO] Processing war project
[INFO] Building war: /home/ubuntu/repos/spring-boot-admin/spring-boot-admin-samples/spring-boot-admin-sample-war/target/spring-boot-admin-sample-war.war
[INFO] 
[INFO] --- source:3.4.0:jar-no-fork (attach-sources) @ spring-boot-admin-sample-war ---
[INFO] Building jar: /home/ubuntu/repos/spring-boot-admin/spring-boot-admin-samples/spring-boot-admin-sample-war/target/spring-boot-admin-sample-war-sources.jar
[INFO] 
[INFO] --- javadoc:3.12.0:jar (attach-javadocs) @ spring-boot-admin-sample-war ---
[INFO] Building jar: /home/ubuntu/repos/spring-boot-admin/spring-boot-admin-samples/spring-boot-admin-sample-war/target/spring-boot-admin-sample-war-javadoc.jar
[INFO] 
[INFO] --- spring-boot:3.5.10:repackage (default) @ spring-boot-admin-sample-war ---
[INFO] Replacing main artifact /home/ubuntu/repos/spring-boot-admin/spring-boot-admin-samples/spring-boot-admin-sample-war/target/spring-boot-admin-sample-war.war with repackaged archive, adding nested dependencies in BOOT-INF/.
[INFO] The original artifact has been renamed to /home/ubuntu/repos/spring-boot-admin/spring-boot-admin-samples/spring-boot-admin-sample-war/target/spring-boot-admin-sample-war.war.original
[INFO] 
[INFO] --- install:3.1.4:install (default-install) @ spring-boot-admin-sample-war ---
[INFO] Installing /home/ubuntu/repos/spring-boot-admin/spring-boot-admin-samples/spring-boot-admin-sample-war/.flattened-pom.xml to /home/ubuntu/.m2/repository/de/codecentric/spring-boot-admin-sample-war/3.5.8-SNAPSHOT/spring-boot-admin-sample-war-3.5.8-SNAPSHOT.pom
[INFO] Installing /home/ubuntu/repos/spring-boot-admin/spring-boot-admin-samples/spring-boot-admin-sample-war/target/spring-boot-admin-sample-war.war to /home/ubuntu/.m2/repository/de/codecentric/spring-boot-admin-sample-war/3.5.8-SNAPSHOT/spring-boot-admin-sample-war-3.5.8-SNAPSHOT.war
[INFO] Installing /home/ubuntu/repos/spring-boot-admin/spring-boot-admin-samples/spring-boot-admin-sample-war/target/spring-boot-admin-sample-war-sources.jar to /home/ubuntu/.m2/repository/de/codecentric/spring-boot-admin-sample-war/3.5.8-SNAPSHOT/spring-boot-admin-sample-war-3.5.8-SNAPSHOT-sources.jar
[INFO] Installing /home/ubuntu/repos/spring-boot-admin/spring-boot-admin-samples/spring-boot-admin-sample-war/target/spring-boot-admin-sample-war-javadoc.jar to /home/ubuntu/.m2/repository/de/codecentric/spring-boot-admin-sample-war/3.5.8-SNAPSHOT/spring-boot-admin-sample-war-3.5.8-SNAPSHOT-javadoc.jar
[INFO] 
[INFO] ---------< de.codecentric:spring-boot-admin-sample-hazelcast >----------
[INFO] Building Spring Boot Admin Sample Hazelcast 3.5.8-SNAPSHOT       [16/19]
[INFO]   from spring-boot-admin-samples/spring-boot-admin-sample-hazelcast/pom.xml
[INFO] --------------------------------[ jar ]---------------------------------
[INFO] 
[INFO] --- clean:3.5.0:clean (default-clean) @ spring-boot-admin-sample-hazelcast ---
[INFO] Deleting /home/ubuntu/repos/spring-boot-admin/spring-boot-admin-samples/spring-boot-admin-sample-hazelcast/target
[INFO] 
[INFO] --- checkstyle:3.6.0:check (checkstyle-validation) @ spring-boot-admin-sample-hazelcast ---
[INFO] Starting audit...
Audit done.
[INFO] You have 0 Checkstyle violations.
[INFO] 
[INFO] --- enforcer:3.6.2:enforce (enforce-maven) @ spring-boot-admin-sample-hazelcast ---
[INFO] 
[INFO] --- spring-javaformat:0.0.47:validate (default) @ spring-boot-admin-sample-hazelcast ---
[INFO] 
[INFO] --- build-helper:3.6.1:regex-property (generate-automatic-module-name) @ spring-boot-admin-sample-hazelcast ---
[INFO] 
[INFO] --- spring-boot:3.5.10:build-info (default) @ spring-boot-admin-sample-hazelcast ---
[INFO] 
[INFO] --- resources:3.4.0:resources (default-resources) @ spring-boot-admin-sample-hazelcast ---
[INFO] Copying 4 resources from src/main/resources to target/classes
[INFO] Copying 0 resource from src/main/resources to target/classes
[INFO] 
[INFO] --- flatten:1.7.3:flatten (flatten) @ spring-boot-admin-sample-hazelcast ---
[INFO] Generating flattened POM of project de.codecentric:spring-boot-admin-sample-hazelcast:jar:3.5.8-SNAPSHOT...
[INFO] 
[INFO] --- compiler:3.15.0:compile (default-compile) @ spring-boot-admin-sample-hazelcast ---
[INFO] Recompiling the module because of changed dependency.
[INFO] Compiling 1 source file with javac [debug parameters target 21] to target/classes
[INFO] 
[INFO] --- resources:3.4.0:testResources (default-testResources) @ spring-boot-admin-sample-hazelcast ---
[INFO] skip non existing resourceDirectory /home/ubuntu/repos/spring-boot-admin/spring-boot-admin-samples/spring-boot-admin-sample-hazelcast/src/test/resources
[INFO] 
[INFO] --- compiler:3.15.0:testCompile (default-testCompile) @ spring-boot-admin-sample-hazelcast ---
[INFO] Recompiling the module because of changed dependency.
[INFO] Compiling 1 source file with javac [debug parameters target 21] to target/test-classes
[INFO] 
[INFO] --- surefire:3.5.4:test (default-test) @ spring-boot-admin-sample-hazelcast ---
[INFO] Tests are skipped.
[INFO] 
[INFO] --- jar:3.5.0:jar (default-jar) @ spring-boot-admin-sample-hazelcast ---
[INFO] Building jar: /home/ubuntu/repos/spring-boot-admin/spring-boot-admin-samples/spring-boot-admin-sample-hazelcast/target/spring-boot-admin-sample-hazelcast.jar
[INFO] 
[INFO] --- source:3.4.0:jar-no-fork (attach-sources) @ spring-boot-admin-sample-hazelcast ---
[INFO] Building jar: /home/ubuntu/repos/spring-boot-admin/spring-boot-admin-samples/spring-boot-admin-sample-hazelcast/target/spring-boot-admin-sample-hazelcast-sources.jar
[INFO] 
[INFO] --- javadoc:3.12.0:jar (attach-javadocs) @ spring-boot-admin-sample-hazelcast ---
[INFO] Building jar: /home/ubuntu/repos/spring-boot-admin/spring-boot-admin-samples/spring-boot-admin-sample-hazelcast/target/spring-boot-admin-sample-hazelcast-javadoc.jar
[INFO] 
[INFO] --- spring-boot:3.5.10:repackage (default) @ spring-boot-admin-sample-hazelcast ---
[INFO] Replacing main artifact /home/ubuntu/repos/spring-boot-admin/spring-boot-admin-samples/spring-boot-admin-sample-hazelcast/target/spring-boot-admin-sample-hazelcast.jar with repackaged archive, adding nested dependencies in BOOT-INF/.
[INFO] The original artifact has been renamed to /home/ubuntu/repos/spring-boot-admin/spring-boot-admin-samples/spring-boot-admin-sample-hazelcast/target/spring-boot-admin-sample-hazelcast.jar.original
[INFO] 
[INFO] --- install:3.1.4:install (default-install) @ spring-boot-admin-sample-hazelcast ---
[INFO] Installing /home/ubuntu/repos/spring-boot-admin/spring-boot-admin-samples/spring-boot-admin-sample-hazelcast/.flattened-pom.xml to /home/ubuntu/.m2/repository/de/codecentric/spring-boot-admin-sample-hazelcast/3.5.8-SNAPSHOT/spring-boot-admin-sample-hazelcast-3.5.8-SNAPSHOT.pom
[INFO] Installing /home/ubuntu/repos/spring-boot-admin/spring-boot-admin-samples/spring-boot-admin-sample-hazelcast/target/spring-boot-admin-sample-hazelcast.jar to /home/ubuntu/.m2/repository/de/codecentric/spring-boot-admin-sample-hazelcast/3.5.8-SNAPSHOT/spring-boot-admin-sample-hazelcast-3.5.8-SNAPSHOT.jar
[INFO] Installing /home/ubuntu/repos/spring-boot-admin/spring-boot-admin-samples/spring-boot-admin-sample-hazelcast/target/spring-boot-admin-sample-hazelcast-sources.jar to /home/ubuntu/.m2/repository/de/codecentric/spring-boot-admin-sample-hazelcast/3.5.8-SNAPSHOT/spring-boot-admin-sample-hazelcast-3.5.8-SNAPSHOT-sources.jar
[INFO] Installing /home/ubuntu/repos/spring-boot-admin/spring-boot-admin-samples/spring-boot-admin-sample-hazelcast/target/spring-boot-admin-sample-hazelcast-javadoc.jar to /home/ubuntu/.m2/repository/de/codecentric/spring-boot-admin-sample-hazelcast/3.5.8-SNAPSHOT/spring-boot-admin-sample-hazelcast-3.5.8-SNAPSHOT-javadoc.jar
[INFO] 
[INFO] -----------< de.codecentric:spring-boot-admin-sample-eureka >-----------
[INFO] Building Spring Boot Admin Sample Eureka 3.5.8-SNAPSHOT          [17/19]
[INFO]   from spring-boot-admin-samples/spring-boot-admin-sample-eureka/pom.xml
[INFO] --------------------------------[ jar ]---------------------------------
[INFO] 
[INFO] --- clean:3.5.0:clean (default-clean) @ spring-boot-admin-sample-eureka ---
[INFO] Deleting /home/ubuntu/repos/spring-boot-admin/spring-boot-admin-samples/spring-boot-admin-sample-eureka/target
[INFO] 
[INFO] --- checkstyle:3.6.0:check (checkstyle-validation) @ spring-boot-admin-sample-eureka ---
[INFO] Starting audit...
Audit done.
[INFO] You have 0 Checkstyle violations.
[INFO] 
[INFO] --- enforcer:3.6.2:enforce (enforce-maven) @ spring-boot-admin-sample-eureka ---
[INFO] 
[INFO] --- spring-javaformat:0.0.47:validate (default) @ spring-boot-admin-sample-eureka ---
[INFO] 
[INFO] --- build-helper:3.6.1:regex-property (generate-automatic-module-name) @ spring-boot-admin-sample-eureka ---
[INFO] 
[INFO] --- spring-boot:3.5.10:build-info (default) @ spring-boot-admin-sample-eureka ---
[INFO] 
[INFO] --- resources:3.4.0:resources (default-resources) @ spring-boot-admin-sample-eureka ---
[INFO] Copying 4 resources from src/main/resources to target/classes
[INFO] Copying 0 resource from src/main/resources to target/classes
[INFO] 
[INFO] --- flatten:1.7.3:flatten (flatten) @ spring-boot-admin-sample-eureka ---
[INFO] Generating flattened POM of project de.codecentric:spring-boot-admin-sample-eureka:jar:3.5.8-SNAPSHOT...
[INFO] 
[INFO] --- compiler:3.15.0:compile (default-compile) @ spring-boot-admin-sample-eureka ---
[INFO] Recompiling the module because of changed dependency.
[INFO] Compiling 1 source file with javac [debug parameters target 21] to target/classes
[INFO] 
[INFO] --- resources:3.4.0:testResources (default-testResources) @ spring-boot-admin-sample-eureka ---
[INFO] skip non existing resourceDirectory /home/ubuntu/repos/spring-boot-admin/spring-boot-admin-samples/spring-boot-admin-sample-eureka/src/test/resources
[INFO] 
[INFO] --- compiler:3.15.0:testCompile (default-testCompile) @ spring-boot-admin-sample-eureka ---
[INFO] Recompiling the module because of changed dependency.
[INFO] Compiling 1 source file with javac [debug parameters target 21] to target/test-classes
[INFO] 
[INFO] --- surefire:3.5.4:test (default-test) @ spring-boot-admin-sample-eureka ---
[INFO] Tests are skipped.
[INFO] 
[INFO] --- jar:3.5.0:jar (default-jar) @ spring-boot-admin-sample-eureka ---
[INFO] Building jar: /home/ubuntu/repos/spring-boot-admin/spring-boot-admin-samples/spring-boot-admin-sample-eureka/target/spring-boot-admin-sample-eureka.jar
[INFO] 
[INFO] --- source:3.4.0:jar-no-fork (attach-sources) @ spring-boot-admin-sample-eureka ---
[INFO] Building jar: /home/ubuntu/repos/spring-boot-admin/spring-boot-admin-samples/spring-boot-admin-sample-eureka/target/spring-boot-admin-sample-eureka-sources.jar
[INFO] 
[INFO] --- javadoc:3.12.0:jar (attach-javadocs) @ spring-boot-admin-sample-eureka ---
[INFO] Building jar: /home/ubuntu/repos/spring-boot-admin/spring-boot-admin-samples/spring-boot-admin-sample-eureka/target/spring-boot-admin-sample-eureka-javadoc.jar
[INFO] 
[INFO] --- spring-boot:3.5.10:repackage (default) @ spring-boot-admin-sample-eureka ---
[INFO] Replacing main artifact /home/ubuntu/repos/spring-boot-admin/spring-boot-admin-samples/spring-boot-admin-sample-eureka/target/spring-boot-admin-sample-eureka.jar with repackaged archive, adding nested dependencies in BOOT-INF/.
[INFO] The original artifact has been renamed to /home/ubuntu/repos/spring-boot-admin/spring-boot-admin-samples/spring-boot-admin-sample-eureka/target/spring-boot-admin-sample-eureka.jar.original
[INFO] 
[INFO] --- install:3.1.4:install (default-install) @ spring-boot-admin-sample-eureka ---
[INFO] Installing /home/ubuntu/repos/spring-boot-admin/spring-boot-admin-samples/spring-boot-admin-sample-eureka/.flattened-pom.xml to /home/ubuntu/.m2/repository/de/codecentric/spring-boot-admin-sample-eureka/3.5.8-SNAPSHOT/spring-boot-admin-sample-eureka-3.5.8-SNAPSHOT.pom
[INFO] Installing /home/ubuntu/repos/spring-boot-admin/spring-boot-admin-samples/spring-boot-admin-sample-eureka/target/spring-boot-admin-sample-eureka.jar to /home/ubuntu/.m2/repository/de/codecentric/spring-boot-admin-sample-eureka/3.5.8-SNAPSHOT/spring-boot-admin-sample-eureka-3.5.8-SNAPSHOT.jar
[INFO] Installing /home/ubuntu/repos/spring-boot-admin/spring-boot-admin-samples/spring-boot-admin-sample-eureka/target/spring-boot-admin-sample-eureka-sources.jar to /home/ubuntu/.m2/repository/de/codecentric/spring-boot-admin-sample-eureka/3.5.8-SNAPSHOT/spring-boot-admin-sample-eureka-3.5.8-SNAPSHOT-sources.jar
[INFO] Installing /home/ubuntu/repos/spring-boot-admin/spring-boot-admin-samples/spring-boot-admin-sample-eureka/target/spring-boot-admin-sample-eureka-javadoc.jar to /home/ubuntu/.m2/repository/de/codecentric/spring-boot-admin-sample-eureka/3.5.8-SNAPSHOT/spring-boot-admin-sample-eureka-3.5.8-SNAPSHOT-javadoc.jar
[INFO] 
[INFO] -----------< de.codecentric:spring-boot-admin-sample-consul >-----------
[INFO] Building Spring Boot Admin Sample Consul 3.5.8-SNAPSHOT          [18/19]
[INFO]   from spring-boot-admin-samples/spring-boot-admin-sample-consul/pom.xml
[INFO] --------------------------------[ jar ]---------------------------------
[INFO] 
[INFO] --- clean:3.5.0:clean (default-clean) @ spring-boot-admin-sample-consul ---
[INFO] Deleting /home/ubuntu/repos/spring-boot-admin/spring-boot-admin-samples/spring-boot-admin-sample-consul/target
[INFO] 
[INFO] --- checkstyle:3.6.0:check (checkstyle-validation) @ spring-boot-admin-sample-consul ---
[INFO] Starting audit...
Audit done.
[INFO] You have 0 Checkstyle violations.
[INFO] 
[INFO] --- enforcer:3.6.2:enforce (enforce-maven) @ spring-boot-admin-sample-consul ---
[INFO] 
[INFO] --- spring-javaformat:0.0.47:validate (default) @ spring-boot-admin-sample-consul ---
[INFO] 
[INFO] --- build-helper:3.6.1:regex-property (generate-automatic-module-name) @ spring-boot-admin-sample-consul ---
[INFO] 
[INFO] --- spring-boot:3.5.10:build-info (default) @ spring-boot-admin-sample-consul ---
[INFO] 
[INFO] --- resources:3.4.0:resources (default-resources) @ spring-boot-admin-sample-consul ---
[INFO] Copying 4 resources from src/main/resources to target/classes
[INFO] Copying 0 resource from src/main/resources to target/classes
[INFO] 
[INFO] --- flatten:1.7.3:flatten (flatten) @ spring-boot-admin-sample-consul ---
[INFO] Generating flattened POM of project de.codecentric:spring-boot-admin-sample-consul:jar:3.5.8-SNAPSHOT...
[INFO] 
[INFO] --- compiler:3.15.0:compile (default-compile) @ spring-boot-admin-sample-consul ---
[INFO] Recompiling the module because of changed dependency.
[INFO] Compiling 1 source file with javac [debug parameters target 21] to target/classes
[INFO] 
[INFO] --- resources:3.4.0:testResources (default-testResources) @ spring-boot-admin-sample-consul ---
[INFO] skip non existing resourceDirectory /home/ubuntu/repos/spring-boot-admin/spring-boot-admin-samples/spring-boot-admin-sample-consul/src/test/resources
[INFO] 
[INFO] --- compiler:3.15.0:testCompile (default-testCompile) @ spring-boot-admin-sample-consul ---
[INFO] Recompiling the module because of changed dependency.
[INFO] Compiling 1 source file with javac [debug parameters target 21] to target/test-classes
[INFO] 
[INFO] --- surefire:3.5.4:test (default-test) @ spring-boot-admin-sample-consul ---
[INFO] Tests are skipped.
[INFO] 
[INFO] --- jar:3.5.0:jar (default-jar) @ spring-boot-admin-sample-consul ---
[INFO] Building jar: /home/ubuntu/repos/spring-boot-admin/spring-boot-admin-samples/spring-boot-admin-sample-consul/target/spring-boot-admin-sample-consul.jar
[INFO] 
[INFO] --- source:3.4.0:jar-no-fork (attach-sources) @ spring-boot-admin-sample-consul ---
[INFO] Building jar: /home/ubuntu/repos/spring-boot-admin/spring-boot-admin-samples/spring-boot-admin-sample-consul/target/spring-boot-admin-sample-consul-sources.jar
[INFO] 
[INFO] --- javadoc:3.12.0:jar (attach-javadocs) @ spring-boot-admin-sample-consul ---
[INFO] Building jar: /home/ubuntu/repos/spring-boot-admin/spring-boot-admin-samples/spring-boot-admin-sample-consul/target/spring-boot-admin-sample-consul-javadoc.jar
[INFO] 
[INFO] --- spring-boot:3.5.10:repackage (default) @ spring-boot-admin-sample-consul ---
[INFO] Replacing main artifact /home/ubuntu/repos/spring-boot-admin/spring-boot-admin-samples/spring-boot-admin-sample-consul/target/spring-boot-admin-sample-consul.jar with repackaged archive, adding nested dependencies in BOOT-INF/.
[INFO] The original artifact has been renamed to /home/ubuntu/repos/spring-boot-admin/spring-boot-admin-samples/spring-boot-admin-sample-consul/target/spring-boot-admin-sample-consul.jar.original
[INFO] 
[INFO] --- install:3.1.4:install (default-install) @ spring-boot-admin-sample-consul ---
[INFO] Installing /home/ubuntu/repos/spring-boot-admin/spring-boot-admin-samples/spring-boot-admin-sample-consul/.flattened-pom.xml to /home/ubuntu/.m2/repository/de/codecentric/spring-boot-admin-sample-consul/3.5.8-SNAPSHOT/spring-boot-admin-sample-consul-3.5.8-SNAPSHOT.pom
[INFO] Installing /home/ubuntu/repos/spring-boot-admin/spring-boot-admin-samples/spring-boot-admin-sample-consul/target/spring-boot-admin-sample-consul.jar to /home/ubuntu/.m2/repository/de/codecentric/spring-boot-admin-sample-consul/3.5.8-SNAPSHOT/spring-boot-admin-sample-consul-3.5.8-SNAPSHOT.jar
[INFO] Installing /home/ubuntu/repos/spring-boot-admin/spring-boot-admin-samples/spring-boot-admin-sample-consul/target/spring-boot-admin-sample-consul-sources.jar to /home/ubuntu/.m2/repository/de/codecentric/spring-boot-admin-sample-consul/3.5.8-SNAPSHOT/spring-boot-admin-sample-consul-3.5.8-SNAPSHOT-sources.jar
[INFO] Installing /home/ubuntu/repos/spring-boot-admin/spring-boot-admin-samples/spring-boot-admin-sample-consul/target/spring-boot-admin-sample-consul-javadoc.jar to /home/ubuntu/.m2/repository/de/codecentric/spring-boot-admin-sample-consul/3.5.8-SNAPSHOT/spring-boot-admin-sample-consul-3.5.8-SNAPSHOT-javadoc.jar
[INFO] 
[INFO] ---------< de.codecentric:spring-boot-admin-sample-zookeeper >----------
[INFO] Building Spring Boot Admin Sample Zookeeper 3.5.8-SNAPSHOT       [19/19]
[INFO]   from spring-boot-admin-samples/spring-boot-admin-sample-zookeeper/pom.xml
[INFO] --------------------------------[ jar ]---------------------------------
[INFO] 
[INFO] --- clean:3.5.0:clean (default-clean) @ spring-boot-admin-sample-zookeeper ---
[INFO] Deleting /home/ubuntu/repos/spring-boot-admin/spring-boot-admin-samples/spring-boot-admin-sample-zookeeper/target
[INFO] 
[INFO] --- checkstyle:3.6.0:check (checkstyle-validation) @ spring-boot-admin-sample-zookeeper ---
[INFO] Starting audit...
Audit done.
[INFO] You have 0 Checkstyle violations.
[INFO] 
[INFO] --- enforcer:3.6.2:enforce (enforce-maven) @ spring-boot-admin-sample-zookeeper ---
[INFO] 
[INFO] --- spring-javaformat:0.0.47:validate (default) @ spring-boot-admin-sample-zookeeper ---
[INFO] 
[INFO] --- build-helper:3.6.1:regex-property (generate-automatic-module-name) @ spring-boot-admin-sample-zookeeper ---
[INFO] 
[INFO] --- spring-boot:3.5.10:build-info (default) @ spring-boot-admin-sample-zookeeper ---
[INFO] 
[INFO] --- resources:3.4.0:resources (default-resources) @ spring-boot-admin-sample-zookeeper ---
[INFO] Copying 1 resource from src/main/resources to target/classes
[INFO] Copying 0 resource from src/main/resources to target/classes
[INFO] 
[INFO] --- flatten:1.7.3:flatten (flatten) @ spring-boot-admin-sample-zookeeper ---
[INFO] Generating flattened POM of project de.codecentric:spring-boot-admin-sample-zookeeper:jar:3.5.8-SNAPSHOT...
[INFO] 
[INFO] --- compiler:3.15.0:compile (default-compile) @ spring-boot-admin-sample-zookeeper ---
[INFO] Recompiling the module because of changed dependency.
[INFO] Compiling 1 source file with javac [debug parameters target 21] to target/classes
[INFO] 
[INFO] --- resources:3.4.0:testResources (default-testResources) @ spring-boot-admin-sample-zookeeper ---
[INFO] skip non existing resourceDirectory /home/ubuntu/repos/spring-boot-admin/spring-boot-admin-samples/spring-boot-admin-sample-zookeeper/src/test/resources
[INFO] 
[INFO] --- compiler:3.15.0:testCompile (default-testCompile) @ spring-boot-admin-sample-zookeeper ---
[INFO] Recompiling the module because of changed dependency.
[INFO] Compiling 1 source file with javac [debug parameters target 21] to target/test-classes
[INFO] 
[INFO] --- surefire:3.5.4:test (default-test) @ spring-boot-admin-sample-zookeeper ---
[INFO] Tests are skipped.
[INFO] 
[INFO] --- jar:3.5.0:jar (default-jar) @ spring-boot-admin-sample-zookeeper ---
[INFO] Building jar: /home/ubuntu/repos/spring-boot-admin/spring-boot-admin-samples/spring-boot-admin-sample-zookeeper/target/spring-boot-admin-sample-zookeeper.jar
[INFO] 
[INFO] --- source:3.4.0:jar-no-fork (attach-sources) @ spring-boot-admin-sample-zookeeper ---
[INFO] Building jar: /home/ubuntu/repos/spring-boot-admin/spring-boot-admin-samples/spring-boot-admin-sample-zookeeper/target/spring-boot-admin-sample-zookeeper-sources.jar
[INFO] 
[INFO] --- javadoc:3.12.0:jar (attach-javadocs) @ spring-boot-admin-sample-zookeeper ---
[INFO] Building jar: /home/ubuntu/repos/spring-boot-admin/spring-boot-admin-samples/spring-boot-admin-sample-zookeeper/target/spring-boot-admin-sample-zookeeper-javadoc.jar
[INFO] 
[INFO] --- spring-boot:3.5.10:repackage (default) @ spring-boot-admin-sample-zookeeper ---
[INFO] Replacing main artifact /home/ubuntu/repos/spring-boot-admin/spring-boot-admin-samples/spring-boot-admin-sample-zookeeper/target/spring-boot-admin-sample-zookeeper.jar with repackaged archive, adding nested dependencies in BOOT-INF/.
[INFO] The original artifact has been renamed to /home/ubuntu/repos/spring-boot-admin/spring-boot-admin-samples/spring-boot-admin-sample-zookeeper/target/spring-boot-admin-sample-zookeeper.jar.original
[INFO] 
[INFO] --- install:3.1.4:install (default-install) @ spring-boot-admin-sample-zookeeper ---
[INFO] Installing /home/ubuntu/repos/spring-boot-admin/spring-boot-admin-samples/spring-boot-admin-sample-zookeeper/.flattened-pom.xml to /home/ubuntu/.m2/repository/de/codecentric/spring-boot-admin-sample-zookeeper/3.5.8-SNAPSHOT/spring-boot-admin-sample-zookeeper-3.5.8-SNAPSHOT.pom
[INFO] Installing /home/ubuntu/repos/spring-boot-admin/spring-boot-admin-samples/spring-boot-admin-sample-zookeeper/target/spring-boot-admin-sample-zookeeper.jar to /home/ubuntu/.m2/repository/de/codecentric/spring-boot-admin-sample-zookeeper/3.5.8-SNAPSHOT/spring-boot-admin-sample-zookeeper-3.5.8-SNAPSHOT.jar
[INFO] Installing /home/ubuntu/repos/spring-boot-admin/spring-boot-admin-samples/spring-boot-admin-sample-zookeeper/target/spring-boot-admin-sample-zookeeper-sources.jar to /home/ubuntu/.m2/repository/de/codecentric/spring-boot-admin-sample-zookeeper/3.5.8-SNAPSHOT/spring-boot-admin-sample-zookeeper-3.5.8-SNAPSHOT-sources.jar
[INFO] Installing /home/ubuntu/repos/spring-boot-admin/spring-boot-admin-samples/spring-boot-admin-sample-zookeeper/target/spring-boot-admin-sample-zookeeper-javadoc.jar to /home/ubuntu/.m2/repository/de/codecentric/spring-boot-admin-sample-zookeeper/3.5.8-SNAPSHOT/spring-boot-admin-sample-zookeeper-3.5.8-SNAPSHOT-javadoc.jar
[INFO] ------------------------------------------------------------------------
[INFO] Reactor Summary for Spring Boot Admin 3.5.8-SNAPSHOT:
[INFO] 
[INFO] Spring Boot Admin .................................. SUCCESS [  1.849 s]
[INFO] Spring Boot Admin Dependencies ..................... SUCCESS [  0.086 s]
[INFO] Spring Boot Admin Build ............................ SUCCESS [  0.160 s]
[INFO] Spring Boot Admin Server ........................... SUCCESS [ 16.491 s]
[INFO] Spring Boot Admin Server UI ........................ SUCCESS [ 50.114 s]
[INFO] Spring Boot Admin Client ........................... SUCCESS [  3.289 s]
[INFO] Spring Boot Admin Docs ............................. SUCCESS [  0.088 s]
[INFO] Spring Boot Admin Server Cloud ..................... SUCCESS [  3.285 s]
[INFO] Spring Boot Admin Server Starter ................... SUCCESS [  0.095 s]
[INFO] Spring Boot Admin Client Starter ................... SUCCESS [  0.083 s]
[INFO] Spring Boot Admin Samples .......................... SUCCESS [  0.082 s]
[INFO] Spring Boot Admin Server custom UI ................. SUCCESS [  2.217 s]
[INFO] Spring Boot Admin Sample Servlet ................... SUCCESS [  5.776 s]
[INFO] Spring Boot Admin Sample Reactive .................. SUCCESS [  2.057 s]
[INFO] Spring Boot Admin Sample War ....................... SUCCESS [  2.846 s]
[INFO] Spring Boot Admin Sample Hazelcast ................. SUCCESS [  2.433 s]
[INFO] Spring Boot Admin Sample Eureka .................... SUCCESS [  2.357 s]
[INFO] Spring Boot Admin Sample Consul .................... SUCCESS [  2.428 s]
[INFO] Spring Boot Admin Sample Zookeeper ................. SUCCESS [  2.780 s]
[INFO] ------------------------------------------------------------------------
[INFO] BUILD SUCCESS
[INFO] ------------------------------------------------------------------------
[INFO] Total time:  01:38 min
[INFO] Finished at: 2026-02-06T01:43:55Z
[INFO] ------------------------------------------------------------------------
